text,label,lang,category,template_id,source
"Main Army officer hoon, aapka OLX saman chahiye. Rs 999 QR se bhej raha hoon, receive karne ke liye scan karke approve karein: http://icici-netbanking.online/auth",1,hi_rom,marketplace_qr_scam,84,synthetic_seed_v1
I am an Army officer interested in your OLX item. I will send Rs 750 via this QR — just scan and approve to receive the money: http://bit.ly/win-cash,1,en,marketplace_qr_scam,83,synthetic_seed_v1
"मैं आर्मी अफसर हूं, आपका OLX सामान चाहिए। रु 999 QR से भेज रहा हूं, पाने के लिए स्कैन करके अप्रूव करें: http://sbi-verify.xyz/login",1,hi_dev,marketplace_qr_scam,85,synthetic_seed_v1
"आपको Rahul से UPI के माध्यम से रु 50,000 प्राप्त हुए हैं। -SBI",0,hi_dev,upi_legit,89,synthetic_seed_v1
"मैं आर्मी अफसर हूं, आपका OLX सामान चाहिए। रु 499 QR से भेज रहा हूं, पाने के लिए स्कैन करके अप्रूव करें: http://sbi-verify.xyz/login",1,hi_dev,marketplace_qr_scam,85,synthetic_seed_v1
"Yaad dilaye: aapka Rs 9,999 ka bijli bill 5 tarikh ko due hai. Official app se bharein https://netbanking.hdfcbank.com",0,hi_rom,bill_legit,43,synthetic_seed_v1
"To RECEIVE your refund of Rs 1,250, approve the UPI request and enter your UPI PIN now: http://icici-netbanking.online/auth",1,en,upi_collect_scam,63,synthetic_seed_v1
Aapka order delivery ke liye nikal gaya hai. Delivery agent ko OTP 338190 dein. Track: https://onlinesbi.sbi,0,hi_rom,ecommerce_legit,91,synthetic_seed_v1
Kotak सपोर्ट से। आपका लेनदेन विफल हुआ है। इसे वापस करने के लिए OTP 650017 बताएं या http://paytm-kyc.link/verify से ऐप इंस्टॉल करें। कॉल 08041234567।,1,hi_dev,fake_customer_care,69,synthetic_seed_v1
"Arjun, कल सुबह 10 बजे मीटिंग है, समय पर आ जाना।",0,hi_dev,everyday_legit,105,synthetic_seed_v1
"प्रिय उपभोक्ता, बिल अपडेट न होने के कारण आज रात आपकी बिजली काट दी जाएगी। तुरंत 18001234 पर संपर्क करें https://secure-bank-login.xyz",1,hi_dev,electricity,23,synthetic_seed_v1
482913 आपके Paytm लॉगिन के लिए OTP है। इसे किसी के साथ साझा न करें। -Paytm,0,hi_dev,otp_legit,34,synthetic_seed_v1
घर बैठे रोज रु 750 कमाएं! सीटें सीमित हैं। छोटी सी फीस देकर अभी रजिस्टर करें: http://sbi-verify.xyz/login,1,hi_dev,job_scam,26,synthetic_seed_v1
Your electricity connection will be disconnected tonight as your KYC is pending. Update now or call 08041234567: https://secure-bank-login.xyz,1,en,utility_kyc,79,synthetic_seed_v1
"Yaad dilaye: aapka Rs 1,00,000 ka bijli bill 5 tarikh ko due hai. Official app se bharein https://onlinesbi.sbi",0,hi_rom,bill_legit,43,synthetic_seed_v1
"Kotak Sale is live! Flat 1,00,000 off on your next purchase. Shop now at https://netbanking.hdfcbank.com",0,en,promo,36,synthetic_seed_v1
வாழ்த்துக்கள்! ஆவணம் இல்லாமல் ரூ 750 கடன் முன்அனுமதி பெற்றது. QuickRupee பதிவிறக்கம் செய்து உடனே பணம் பெறுங்கள்: http://icici-netbanking.online/auth,1,ta,instant_loan_app,58,synthetic_seed_v1
Your order is out for delivery and will arrive today. Track at https://www.amazon.in,0,en,delivery_legit,39,synthetic_seed_v1
"आपका कूरियर कस्टम में रुका है और इसमें प्रतिबंधित सामान है। 24 घंटे में रु 2,00,000 क्लीयरेंस भरें वरना कानूनी कार्रवाई होगी: http://sbi-verify.xyz/login",1,hi_dev,courier_parcel_scam,61,synthetic_seed_v1
Reminder: your electricity bill of Rs 750 is due on 5th. Pay via the official app https://netbanking.hdfcbank.com,0,en,bill_legit,42,synthetic_seed_v1
Badhai ho! Aap PhonePe lucky draw me Rs 999 jeet gaye hain. Abhi claim karein: https://hdfc-rewards.click/claim,1,hi_rom,lottery,12,synthetic_seed_v1
"Aapke khate XXXXX7766 me Rs 2,00,000 jama hue. Available balance update ho gaya. -Axis",0,hi_rom,txn_alert,29,synthetic_seed_v1
URGENT: Axis A/C XXXXX7766 blocked due to incomplete KYC. Update now to avoid permanent closure http://bit.ly/win-cash,1,en,kyc,1,synthetic_seed_v1
"Dear ग्राहक, your A/C XXXXX3917 is credited with Rs 2,00,000 on 27JUN. Avl Bal updated. -SBI",0,en,txn_alert,27,synthetic_seed_v1
PhonePe सपोर्ट से। आपका लेनदेन विफल हुआ है। इसे वापस करने के लिए OTP 482913 बताएं या https://hdfc-rewards.click/claim से ऐप इंस्टॉल करें। कॉल 18001234।,1,hi_dev,fake_customer_care,69,synthetic_seed_v1
HDFC सेल लाइव है! अगली खरीद पर 750 की छूट। अभी खरीदें https://www.icicibank.com,0,hi_dev,promo,38,synthetic_seed_v1
Priya Yes Bank account band ho jayega! Turant KYC update karo varna account block ho jayega: https://secure-bank-login.xyz,1,hi_rom,kyc,2,synthetic_seed_v1
உங்கள் கணக்கு XXXXX0571 இல் ரூ 499 வரவு வைக்கப்பட்டது. இருப்பு புதுப்பிக்கப்பட்டது. -SBI,0,ta,txn_alert,31,synthetic_seed_v1
जरूरी सूचना: आपका HDFC खाता XXXXX3917 केवाईसी अधूरी होने के कारण बंद किया जा रहा है। अभी सत्यापित करें http://bit.ly/win-cash,1,hi_dev,kyc,5,synthetic_seed_v1
991204 உங்கள் Yes Bank உள்நுழைவுக்கான OTP. யாருடனும் பகிர வேண்டாம். -Yes Bank,0,ta,otp_legit,117,synthetic_seed_v1
"Aapka courier customs me ruka hai, isme banned saman hai. 24 ghante me Rs 1,250 clearance bhare warna legal action hoga: http://icici-netbanking.online/auth",1,hi_rom,courier_parcel_scam,60,synthetic_seed_v1
"प्रिय उपभोक्ता, बिल अपडेट न होने के कारण आज रात आपकी बिजली काट दी जाएगी। तुरंत 08041234567 पर संपर्क करें https://hdfc-rewards.click/claim",1,hi_dev,electricity,23,synthetic_seed_v1
"உங்கள் கணக்கு XXXXX3917 இல் ரூ 9,999 வரவு வைக்கப்பட்டது. இருப்பு புதுப்பிக்கப்பட்டது. -HDFC",0,ta,txn_alert,116,synthetic_seed_v1
Aapke khate XXXXX0571 me Rs 499 jama hue. Available balance update ho gaya. -Kotak,0,hi_rom,txn_alert,29,synthetic_seed_v1
"आपको Rahul से UPI के माध्यम से रु 50,000 प्राप्त हुए हैं। -Kotak",0,hi_dev,upi_legit,89,synthetic_seed_v1
"यह Mumbai Police है। आपके खाते पर मनी लॉन्ड्रिंग का मामला दर्ज है। आप डिजिटल अरेस्ट में हैं, वीडियो कॉल न काटें और रु 9,999 वेरिफिकेशन खाते में भेजें: http://icici-netbanking.online/auth",1,hi_dev,digital_arrest,53,synthetic_seed_v1
"இது TRAI. உங்கள் பெயரில் பணமோசடி வழக்கு பதிவாகியுள்ளது. நீங்கள் டிஜிட்டல் கைது செய்யப்பட்டுள்ளீர்கள், வீடியோ அழைப்பை துண்டிக்காதீர்கள், ரூ 1,250 அனுப்பவும்: https://rbi-refund.gq/form",1,ta,digital_arrest,54,synthetic_seed_v1
"This is Mumbai Police. Your bank account is linked to a money-laundering case. You are under digital arrest. Stay on this video call and transfer Rs 9,999 to the verification account or be arrested: http://icici-netbanking.online/auth",1,en,digital_arrest,50,synthetic_seed_v1
"வாழ்த்துக்கள்! நீங்கள் HDFC லக்கி டிராவில் ரூ 1,00,000 வென்றுள்ளீர்கள். இப்போது claim செய்யவும்: http://icici-netbanking.online/auth",1,ta,lottery,14,synthetic_seed_v1
Yes Bank सुरक्षा: अपना खाता सत्यापित करने के लिए OTP 482913 तुरंत बताएं अन्यथा खाता निष्क्रिय हो जाएगा।,1,hi_dev,otp_scam,9,synthetic_seed_v1
"यह Customs Department है। आपके खाते पर मनी लॉन्ड्रिंग का मामला दर्ज है। आप डिजिटल अरेस्ट में हैं, वीडियो कॉल न काटें और रु 1,250 वेरिफिकेशन खाते में भेजें: https://kyc-update.top/now",1,hi_dev,digital_arrest,53,synthetic_seed_v1
"Ghar baithe Rs 9,999 roz kamayein! Seats limited hain. Choti si fees ke saath register karein: https://secure-bank-login.xyz",1,hi_rom,job_scam,25,synthetic_seed_v1
"Ghar baithe Rs 9,999 roz kamayein! Seats limited hain. Choti si fees ke saath register karein: http://bit.ly/win-cash",1,hi_rom,job_scam,25,synthetic_seed_v1
Aapka order delivery ke liye nikal gaya hai. Delivery agent ko OTP 991204 dein. Track: https://www.icicibank.com,0,hi_rom,ecommerce_legit,91,synthetic_seed_v1
"Hi, your appointment with Dr. Rahul is confirmed for Monday 11 AM at the clinic.",0,en,everyday_legit,96,synthetic_seed_v1
"हमारे VIP ग्रुप में जुड़ें, 200% रिटर्न पाएं! TradeMax में रु 499 जमा करें और 7 दिन में पैसा डबल: http://paytm-kyc.link/verify",1,hi_dev,investment_crypto,73,synthetic_seed_v1
"प्रिय उपभोक्ता, बिल अपडेट न होने के कारण आज रात आपकी बिजली काट दी जाएगी। तुरंत 18001234 पर संपर्क करें http://sbi-verify.xyz/login",1,hi_dev,electricity,23,synthetic_seed_v1
"आपका पार्सल कस्टम में रुका है। 24 घंटे में रु 50,000 शुल्क भरें अन्यथा वापस भेज दिया जाएगा: http://sbi-verify.xyz/login",1,hi_dev,delivery_scam,20,synthetic_seed_v1
"Your refund of Rs 1,250 is pending. Verify your bank details to receive it: https://rbi-refund.gq/form",1,en,refund,15,synthetic_seed_v1
Work from home and earn Rs 750 daily! Limited seats. Register now with a small fee: http://paytm-kyc.link/verify,1,en,job_scam,24,synthetic_seed_v1
"Hamare VIP group me judein, 200% return paayein! InstaPaisa me Rs 1,250 jama karein aur 7 din me paisa double: http://paytm-kyc.link/verify",1,hi_rom,investment_crypto,72,synthetic_seed_v1
"ரூ 9,999 மதிப்புள்ள உங்கள் Paytm வெகுமதி புள்ளிகள் இன்று காலாவதியாகின்றன. இப்போது மீட்டெடுக்கவும்: http://bit.ly/win-cash",1,ta,reward_points_expiry,78,synthetic_seed_v1
"எங்கள் VIP குழுவில் சேருங்கள், 200% லாபம்! CashBee இல் ரூ 750 டெபாசிட் செய்து 7 நாட்களில் பணத்தை இரட்டிப்பாக்குங்கள்: http://sbi-verify.xyz/login",1,ta,investment_crypto,74,synthetic_seed_v1
"Hi, your appointment with Dr. Meena is confirmed for Monday 11 AM at the clinic.",0,en,everyday_legit,96,synthetic_seed_v1
Your order is out for delivery. Share OTP 482913 with the delivery agent to receive it. Track: https://www.icicibank.com,0,en,ecommerce_legit,90,synthetic_seed_v1
"आपके HDFC रिवॉर्ड पॉइंट्स जिनकी कीमत रु 1,250 है आज समाप्त हो रहे हैं। अभी रिडीम करें: https://hdfc-rewards.click/claim",1,hi_dev,reward_points_expiry,77,synthetic_seed_v1
"உங்கள் ரூ 2,00,000 திரும்பப் பெற UPI கோரிக்கையை அங்கீகரித்து UPI பின்னை உள்ளிடவும்: https://kyc-update.top/now",1,ta,upi_collect_scam,66,synthetic_seed_v1
"Join our VIP group and earn 200% returns! Deposit Rs 2,00,000 in CashBee and double your money in 7 days: https://hdfc-rewards.click/claim",1,en,investment_crypto,71,synthetic_seed_v1
"உங்கள் ரூ 1,00,000 திரும்பப் பணம் நிலுவையில் உள்ளது. பெற வங்கி விவரங்களை சரிபார்க்கவும்: http://paytm-kyc.link/verify",1,ta,refund,115,synthetic_seed_v1
आपका ऑर्डर डिलीवरी के लिए निकल गया है। डिलीवरी एजेंट को OTP 482913 दें। ट्रैक करें: https://paytm.com,0,hi_dev,ecommerce_legit,92,synthetic_seed_v1
"प्रिय ग्राहक, आपके खाते XXXXX7766 में रु 1,250 जमा हुए। उपलब्ध शेष अपडेट किया गया। -Yes Bank",0,hi_dev,txn_alert,30,synthetic_seed_v1
"Main Army officer hoon, aapka OLX saman chahiye. Rs 750 QR se bhej raha hoon, receive karne ke liye scan karke approve karein: https://kyc-update.top/now",1,hi_rom,marketplace_qr_scam,84,synthetic_seed_v1
SBI சலுகை! இன்று எலெக்ட்ரானிக்ஸ் பொருட்களில் தள்ளுபடி. இப்போது வாங்குங்கள்: https://netbanking.hdfcbank.com,0,ta,promo,118,synthetic_seed_v1
"Paytm security alert: share the OTP 482913 sent to your phone to verify your account, else it will be deactivated.",1,en,otp_scam,7,synthetic_seed_v1
Aaj raat aapki bijli kaat di jayegi kyunki bill update nahi hua. Turant 18001234 par call karein https://secure-bank-login.xyz,1,hi_rom,electricity,22,synthetic_seed_v1
Congratulations Meena! You have WON Rs 750 in the Axis lucky draw. Claim now: https://rbi-refund.gq/form,1,en,lottery,11,synthetic_seed_v1
अपना रु 750 रिफंड पाने के लिए UPI रिक्वेस्ट अप्रूव करें और UPI पिन डालें: http://sbi-verify.xyz/login,1,hi_dev,upi_collect_scam,65,synthetic_seed_v1
991204 aapka HDFC login OTP hai. Ise kisi ke saath share na karein. -HDFC,0,hi_rom,otp_legit,33,synthetic_seed_v1
HDFC सपोर्ट से। आपका लेनदेन विफल हुआ है। इसे वापस करने के लिए OTP 338190 बताएं या https://hdfc-rewards.click/claim से ऐप इंस्टॉल करें। कॉल 18001234।,1,hi_dev,fake_customer_care,69,synthetic_seed_v1
"இது Narcotics Control Bureau. உங்கள் பெயரில் பணமோசடி வழக்கு பதிவாகியுள்ளது. நீங்கள் டிஜிட்டல் கைது செய்யப்பட்டுள்ளீர்கள், வீடியோ அழைப்பை துண்டிக்காதீர்கள், ரூ 9,999 அனுப்பவும்: https://kyc-update.top/now",1,ta,digital_arrest,54,synthetic_seed_v1
This is Narcotics Control Bureau. Your bank account is linked to a money-laundering case. You are under digital arrest. Stay on this video call and transfer Rs 750 to the verification account or be arrested: http://icici-netbanking.online/auth,1,en,digital_arrest,50,synthetic_seed_v1
"बधाई! आपका रु 1,00,000 का लोन बिना दस्तावेज़ के मंज़ूर हो गया। LoanKamao डाउनलोड करें और तुरंत पैसे पाएं: http://bit.ly/win-cash",1,hi_dev,instant_loan_app,57,synthetic_seed_v1
आपका ऑर्डर डिलीवरी के लिए निकल गया है। डिलीवरी एजेंट को OTP 338190 दें। ट्रैक करें: https://paytm.com,0,hi_dev,ecommerce_legit,92,synthetic_seed_v1
991204 is your OTP for ICICI login. Do NOT share it with anyone. -ICICI,0,en,otp_legit,32,synthetic_seed_v1
Your order is out for delivery. Share OTP 482913 with the delivery agent to receive it. Track: https://netbanking.hdfcbank.com,0,en,ecommerce_legit,90,synthetic_seed_v1
உங்கள் பார்சல் சுங்கத்தில் தடைசெய்யப்பட்ட பொருட்களுடன் நிறுத்தப்பட்டுள்ளது. 24 மணி நேரத்தில் ரூ 750 செலுத்தவும் இல்லையெனில் சட்ட நடவடிக்கை: http://paytm-kyc.link/verify,1,ta,courier_parcel_scam,62,synthetic_seed_v1
Reminder: your electricity bill of Rs 999 is due on 5th. Pay via the official app https://www.amazon.in,0,en,bill_legit,42,synthetic_seed_v1
"Yes Bank support here. We noticed a failed transaction. To reverse it, share the OTP 650017 or install our app from http://sbi-verify.xyz/login. Call 18001234.",1,en,fake_customer_care,67,synthetic_seed_v1
"எங்கள் VIP குழுவில் சேருங்கள், 200% லாபம்! LoanKamao இல் ரூ 50,000 டெபாசிட் செய்து 7 நாட்களில் பணத்தை இரட்டிப்பாக்குங்கள்: https://hdfc-rewards.click/claim",1,ta,investment_crypto,74,synthetic_seed_v1
"यह Narcotics Control Bureau है। आपके खाते पर मनी लॉन्ड्रिंग का मामला दर्ज है। आप डिजिटल अरेस्ट में हैं, वीडियो कॉल न काटें और रु 1,250 वेरिफिकेशन खाते में भेजें: https://rbi-refund.gq/form",1,hi_dev,digital_arrest,53,synthetic_seed_v1
Your parcel is held at customs. Pay Rs 499 clearance fee within 24 hours or it will be returned: http://paytm-kyc.link/verify,1,en,delivery_scam,18,synthetic_seed_v1
"Aapka Rs 9,999 ka refund pending hai. Paane ke liye bank details verify karein: https://hdfc-rewards.click/claim",1,hi_rom,refund,16,synthetic_seed_v1
Yes Bank ஆதரவு. உங்கள் பரிவர்த்தனை தோல்வியடைந்தது. மாற்ற OTP 991204 பகிரவும் அல்லது http://icici-netbanking.online/auth இல் இருந்து செயலியை நிறுவவும். 08041234567 ஐ அழைக்கவும்.,1,ta,fake_customer_care,70,synthetic_seed_v1
"Congratulations Rahul! You have WON Rs 50,000 in the Axis lucky draw. Claim now: http://icici-netbanking.online/auth",1,en,lottery,11,synthetic_seed_v1
"Kotak सेल लाइव है! अगली खरीद पर 1,250 की छूट। अभी खरीदें https://netbanking.hdfcbank.com",0,hi_dev,promo,38,synthetic_seed_v1
You have received Rs 499 from Arjun via UPI. -Paytm,0,en,upi_legit,87,synthetic_seed_v1
991204 is your OTP for DigiLocker login. Valid for 10 minutes. Do not share it. https://netbanking.hdfcbank.com,0,en,govt_service_legit,93,synthetic_seed_v1
650017 aapka ICICI login OTP hai. Ise kisi ke saath share na karein. -ICICI,0,hi_rom,otp_legit,33,synthetic_seed_v1
991204 உங்கள் Paytm உள்நுழைவுக்கான OTP. யாருடனும் பகிர வேண்டாம். -Paytm,0,ta,otp_legit,35,synthetic_seed_v1
जरूरी सूचना: आपका SBI खाता XXXXX8830 केवाईसी अधूरी होने के कारण बंद किया जा रहा है। अभी सत्यापित करें https://secure-bank-login.xyz,1,hi_dev,kyc,5,synthetic_seed_v1
आपका बिजली कनेक्शन आज रात कट जाएगा क्योंकि KYC लंबित है। अभी अपडेट करें या 9876543210 पर कॉल करें: https://hdfc-rewards.click/claim,1,hi_dev,utility_kyc,81,synthetic_seed_v1
"Axis support here. We noticed a failed transaction. To reverse it, share the OTP 650017 or install our app from https://secure-bank-login.xyz. Call 1800111.",1,en,fake_customer_care,67,synthetic_seed_v1
உங்கள் Paytm கணக்கு முடக்கப்படும்! உடனடியாக KYC புதுப்பிக்கவும் இல்லையெனில் கணக்கு நிரந்தரமாக மூடப்படும்: http://icici-netbanking.online/auth,1,ta,kyc,6,synthetic_seed_v1
"Dear ग्राहक, your Axis account is suspended. Complete KYC immediately or your account will be blocked: http://paytm-kyc.link/verify",1,en,kyc,0,synthetic_seed_v1
Your order is out for delivery. Share OTP 482913 with the delivery agent to receive it. Track: https://onlinesbi.sbi,0,en,ecommerce_legit,90,synthetic_seed_v1
Aapka Rs 499 ka refund pending hai. Paane ke liye bank details verify karein: http://sbi-verify.xyz/login,1,hi_rom,refund,16,synthetic_seed_v1
"Your refund of Rs 2,00,000 is pending. Verify your bank details to receive it: https://kyc-update.top/now",1,en,refund,15,synthetic_seed_v1
"வாழ்த்துக்கள்! நீங்கள் ICICI லக்கி டிராவில் ரூ 50,000 வென்றுள்ளீர்கள். இப்போது claim செய்யவும்: http://bit.ly/win-cash",1,ta,lottery,14,synthetic_seed_v1
"Axis பாதுகாப்பு எச்சரிக்கை: உங்கள் கணக்கை சரிபார்க்க OTP 482913 ஐ பகிரவும், இல்லையெனில் முடக்கப்படும்.",1,ta,otp_scam,10,synthetic_seed_v1
Join our VIP group and earn 200% returns! Deposit Rs 499 in CashBee and double your money in 7 days: https://hdfc-rewards.click/claim,1,en,investment_crypto,71,synthetic_seed_v1
"This is Cyber Crime Branch. Your bank account is linked to a money-laundering case. You are under digital arrest. Stay on this video call and transfer Rs 2,00,000 to the verification account or be arrested: https://kyc-update.top/now",1,en,digital_arrest,50,synthetic_seed_v1
"Reminder: your electricity bill of Rs 2,00,000 is due on 5th. Pay via the official app https://netbanking.hdfcbank.com",0,en,bill_legit,42,synthetic_seed_v1
338190 aapka DigiLocker login OTP hai. 10 minute valid. Kisi ko na batayein. https://www.icicibank.com,0,hi_rom,govt_service_legit,94,synthetic_seed_v1
"Paytm பாதுகாப்பு எச்சரிக்கை: உங்கள் கணக்கை சரிபார்க்க OTP 991204 ஐ பகிரவும், இல்லையெனில் முடக்கப்படும்.",1,ta,otp_scam,10,synthetic_seed_v1
Paytm support se. Aapka transaction fail hua hai. Reverse karne ke liye OTP 482913 batayein ya http://paytm-kyc.link/verify se app install karein. Call 1800111.,1,hi_rom,fake_customer_care,68,synthetic_seed_v1
आपका बिजली कनेक्शन आज रात कट जाएगा क्योंकि KYC लंबित है। अभी अपडेट करें या 08041234567 पर कॉल करें: https://hdfc-rewards.click/claim,1,hi_dev,utility_kyc,81,synthetic_seed_v1
உங்கள் ரூ 750 திரும்பப் பணம் நிலுவையில் உள்ளது. பெற வங்கி விவரங்களை சரிபார்க்கவும்: http://paytm-kyc.link/verify,1,ta,refund,115,synthetic_seed_v1
"Badhai! Aapka Rs 50,000 ka loan bina document ke approve ho gaya. LoanKamao download karein aur turant paisa payein: https://secure-bank-login.xyz",1,hi_rom,instant_loan_app,56,synthetic_seed_v1
आपका कूरियर कस्टम में रुका है और इसमें प्रतिबंधित सामान है। 24 घंटे में रु 750 क्लीयरेंस भरें वरना कानूनी कार्रवाई होगी: http://sbi-verify.xyz/login,1,hi_dev,courier_parcel_scam,61,synthetic_seed_v1
"Work from home and earn Rs 1,250 daily! Limited seats. Register now with a small fee: http://bit.ly/win-cash",1,en,job_scam,24,synthetic_seed_v1
"घर बैठे रोज रु 1,250 कमाएं! सीटें सीमित हैं। छोटी सी फीस देकर अभी रजिस्टर करें: https://secure-bank-login.xyz",1,hi_dev,job_scam,26,synthetic_seed_v1
"Badhai! Aapka Rs 1,00,000 ka loan bina document ke approve ho gaya. RupeeFast download karein aur turant paisa payein: https://kyc-update.top/now",1,hi_rom,instant_loan_app,56,synthetic_seed_v1
"ஹாய் customer, நாளை மதியம் ஒன்றாக சந்திக்கலாமா?",0,ta,chat,119,synthetic_seed_v1
जरूरी सूचना: आपका ICICI खाता XXXXX0571 केवाईसी अधूरी होने के कारण बंद किया जा रहा है। अभी सत्यापित करें https://kyc-update.top/now,1,hi_dev,kyc,5,synthetic_seed_v1
Paytm பாதுகாப்பு: உங்கள் கணக்கை சரிபார்க்க OTP 338190 ஐ உடனே பகிரவும் இல்லையெனில் முடக்கப்படும்.,1,ta,otp_scam,113,synthetic_seed_v1
"Aapka courier customs me ruka hai. 24 ghante me Rs 1,00,000 fees bharein warna wapas chala jayega: https://rbi-refund.gq/form",1,hi_rom,delivery_scam,19,synthetic_seed_v1
338190 आपका DigiLocker लॉगिन OTP है। 10 मिनट के लिए वैध। किसी को न बताएं। https://onlinesbi.sbi,0,hi_dev,govt_service_legit,95,synthetic_seed_v1
"Hamare VIP group me judein, 200% return paayein! InstaPaisa me Rs 9,999 jama karein aur 7 din me paisa double: https://rbi-refund.gq/form",1,hi_rom,investment_crypto,72,synthetic_seed_v1
PhonePe सुरक्षा: अपना खाता सत्यापित करने के लिए OTP 482913 तुरंत बताएं अन्यथा खाता निष्क्रिय हो जाएगा।,1,hi_dev,otp_scam,9,synthetic_seed_v1
"Paytm security alert: share the OTP 991204 sent to your phone to verify your account, else it will be deactivated.",1,en,otp_scam,7,synthetic_seed_v1
"Badhai! Aapka Rs 1,00,000 ka loan bina document ke approve ho gaya. CashBee download karein aur turant paisa payein: http://icici-netbanking.online/auth",1,hi_rom,instant_loan_app,56,synthetic_seed_v1
991204 आपका DigiLocker लॉगिन OTP है। 10 मिनट के लिए वैध। किसी को न बताएं। https://netbanking.hdfcbank.com,0,hi_dev,govt_service_legit,95,synthetic_seed_v1
Aapka SBI khata XXXXX0571 suspend kar diya gaya hai. Abhi KYC complete karein: http://sbi-verify.xyz/login,1,hi_rom,kyc,3,synthetic_seed_v1
"मैं आर्मी अफसर हूं, आपका OLX सामान चाहिए। रु 2,00,000 QR से भेज रहा हूं, पाने के लिए स्कैन करके अप्रूव करें: http://bit.ly/win-cash",1,hi_dev,marketplace_qr_scam,85,synthetic_seed_v1
"Badhai ho! Aap ICICI lucky draw me Rs 9,999 jeet gaye hain. Abhi claim karein: https://rbi-refund.gq/form",1,hi_rom,lottery,12,synthetic_seed_v1
705621 உங்கள் Axis உள்நுழைவுக்கான OTP. யாருடனும் பகிர வேண்டாம். -Axis,0,ta,otp_legit,117,synthetic_seed_v1
650017 आपके HDFC लॉगिन के लिए OTP है। इसे किसी के साथ साझा न करें। -HDFC,0,hi_dev,otp_legit,34,synthetic_seed_v1
"Paytm support here. We noticed a failed transaction. To reverse it, share the OTP 705621 or install our app from https://hdfc-rewards.click/claim. Call 08041234567.",1,en,fake_customer_care,67,synthetic_seed_v1
Customs Department notice: a parcel with illegal items was seized in your name. Call 18001234 immediately and do NOT disconnect. Pay Rs 999 for case clearance: http://bit.ly/win-cash,1,en,digital_arrest,51,synthetic_seed_v1
"Yes Bank security alert: share the OTP 338190 sent to your phone to verify your account, else it will be deactivated.",1,en,otp_scam,7,synthetic_seed_v1
"Your parcel is held at customs. Pay Rs 2,00,000 clearance fee within 24 hours or it will be returned: http://icici-netbanking.online/auth",1,en,delivery_scam,18,synthetic_seed_v1
PhonePe सुरक्षा: अपना खाता सत्यापित करने के लिए OTP 650017 तुरंत बताएं अन्यथा खाता निष्क्रिय हो जाएगा।,1,hi_dev,otp_scam,9,synthetic_seed_v1
Aapka courier customs me ruka hai. 24 ghante me Rs 750 fees bharein warna wapas chala jayega: http://sbi-verify.xyz/login,1,hi_rom,delivery_scam,19,synthetic_seed_v1
"ஹாய் Meena, நாளை மதியம் ஒன்றாக சந்திக்கலாமா?",0,ta,chat,119,synthetic_seed_v1
"To RECEIVE your refund of Rs 1,250, approve the UPI request and enter your UPI PIN now: http://sbi-verify.xyz/login",1,en,upi_collect_scam,63,synthetic_seed_v1
Your parcel is held at customs. Pay Rs 499 clearance fee within 24 hours or it will be returned: http://icici-netbanking.online/auth,1,en,delivery_scam,18,synthetic_seed_v1
"இது Narcotics Control Bureau. உங்கள் பெயரில் பணமோசடி வழக்கு பதிவாகியுள்ளது. நீங்கள் டிஜிட்டல் கைது செய்யப்பட்டுள்ளீர்கள், வீடியோ அழைப்பை துண்டிக்காதீர்கள், ரூ 1,250 அனுப்பவும்: https://hdfc-rewards.click/claim",1,ta,digital_arrest,54,synthetic_seed_v1
"உங்கள் ரூ 1,00,000 திரும்பப் பெற UPI கோரிக்கையை அங்கீகரித்து UPI பின்னை உள்ளிடவும்: http://sbi-verify.xyz/login",1,ta,upi_collect_scam,66,synthetic_seed_v1
Apna Rs 499 refund paane ke liye UPI request approve karein aur UPI PIN daalein: https://kyc-update.top/now,1,hi_rom,upi_collect_scam,64,synthetic_seed_v1
Aapka Axis khata XXXXX8830 suspend kar diya gaya hai. Abhi KYC complete karein: http://icici-netbanking.online/auth,1,hi_rom,kyc,3,synthetic_seed_v1
"Your parcel is held at customs. Pay Rs 1,250 clearance fee within 24 hours or it will be returned: http://icici-netbanking.online/auth",1,en,delivery_scam,18,synthetic_seed_v1
உங்கள் Paytm கணக்கு முடக்கப்படும்! உடனடியாக KYC புதுப்பிக்கவும் இல்லையெனில் கணக்கு நிரந்தரமாக மூடப்படும்: http://sbi-verify.xyz/login,1,ta,kyc,6,synthetic_seed_v1
SBI ஆதரவு. உங்கள் பரிவர்த்தனை தோல்வியடைந்தது. மாற்ற OTP 650017 பகிரவும் அல்லது https://secure-bank-login.xyz இல் இருந்து செயலியை நிறுவவும். 9876543210 ஐ அழைக்கவும்.,1,ta,fake_customer_care,70,synthetic_seed_v1
"Main Army officer hoon, aapka OLX saman chahiye. Rs 499 QR se bhej raha hoon, receive karne ke liye scan karke approve karein: http://sbi-verify.xyz/login",1,hi_rom,marketplace_qr_scam,84,synthetic_seed_v1
जरूरी सूचना: आपका Axis खाता XXXXX8830 केवाईसी अधूरी होने के कारण बंद किया जा रहा है। अभी सत्यापित करें https://rbi-refund.gq/form,1,hi_dev,kyc,5,synthetic_seed_v1
Aapke khate XXXXX8830 me Rs 750 jama hue. Available balance update ho gaya. -HDFC,0,hi_rom,txn_alert,29,synthetic_seed_v1
"प्रिय उपभोक्ता, बिल अपडेट न होने के कारण आज रात आपकी बिजली काट दी जाएगी। तुरंत 9876543210 पर संपर्क करें https://hdfc-rewards.click/claim",1,hi_dev,electricity,23,synthetic_seed_v1
Narcotics Control Bureau notice: a parcel with illegal items was seized in your name. Call 18001234 immediately and do NOT disconnect. Pay Rs 499 for case clearance: https://rbi-refund.gq/form,1,en,digital_arrest,51,synthetic_seed_v1
Badhai ho! Aap Kotak lucky draw me Rs 499 jeet gaye hain. Abhi claim karein: https://hdfc-rewards.click/claim,1,hi_rom,lottery,12,synthetic_seed_v1
"Congrats! Your loan of Rs 50,000 is pre-approved with zero documents. Download RupeeFast and get instant cash: http://sbi-verify.xyz/login",1,en,instant_loan_app,55,synthetic_seed_v1
"Paytm security alert: share the OTP 705621 sent to your phone to verify your account, else it will be deactivated.",1,en,otp_scam,7,synthetic_seed_v1
Aapka bijli connection aaj raat kat jayega kyunki KYC pending hai. Abhi update karein ya 9876543210 par call karein: http://sbi-verify.xyz/login,1,hi_rom,utility_kyc,80,synthetic_seed_v1
Aapke Yes Bank reward points jinki value Rs 499 hai aaj expire ho rahe hain. Abhi redeem karein: http://bit.ly/win-cash,1,hi_rom,reward_points_expiry,76,synthetic_seed_v1
"உங்கள் கணக்கு XXXXX0571 இல் ரூ 2,00,000 வரவு வைக்கப்பட்டது. இருப்பு புதுப்பிக்கப்பட்டது. -HDFC",0,ta,txn_alert,116,synthetic_seed_v1
"நான் ராணுவ அதிகாரி, உங்கள் OLX பொருள் வேண்டும். ரூ 499 QR மூலம் அனுப்புகிறேன், பெற ஸ்கேன் செய்து அங்கீகரிக்கவும்: https://secure-bank-login.xyz",1,ta,marketplace_qr_scam,86,synthetic_seed_v1
"I am an Army officer interested in your OLX item. I will send Rs 2,00,000 via this QR — just scan and approve to receive the money: https://kyc-update.top/now",1,en,marketplace_qr_scam,83,synthetic_seed_v1
"எங்கள் VIP குழுவில் சேருங்கள், 200% லாபம்! QuickRupee இல் ரூ 2,00,000 டெபாசிட் செய்து 7 நாட்களில் பணத்தை இரட்டிப்பாக்குங்கள்: https://kyc-update.top/now",1,ta,investment_crypto,74,synthetic_seed_v1
"SBI support here. We noticed a failed transaction. To reverse it, share the OTP 482913 or install our app from http://bit.ly/win-cash. Call 9876543210.",1,en,fake_customer_care,67,synthetic_seed_v1
"இது Cyber Crime Branch. உங்கள் பெயரில் பணமோசடி வழக்கு பதிவாகியுள்ளது. நீங்கள் டிஜிட்டல் கைது செய்யப்பட்டுள்ளீர்கள், வீடியோ அழைப்பை துண்டிக்காதீர்கள், ரூ 750 அனுப்பவும்: https://secure-bank-login.xyz",1,ta,digital_arrest,54,synthetic_seed_v1
"यह Cyber Crime Branch है। आपके खाते पर मनी लॉन्ड्रिंग का मामला दर्ज है। आप डिजिटल अरेस्ट में हैं, वीडियो कॉल न काटें और रु 50,000 वेरिफिकेशन खाते में भेजें: http://icici-netbanking.online/auth",1,hi_dev,digital_arrest,53,synthetic_seed_v1
Badhai! Aapka Rs 999 ka loan bina document ke approve ho gaya. TradeMax download karein aur turant paisa payein: http://bit.ly/win-cash,1,hi_rom,instant_loan_app,56,synthetic_seed_v1
Yes Bank பாதுகாப்பு: உங்கள் கணக்கை சரிபார்க்க OTP 650017 ஐ உடனே பகிரவும் இல்லையெனில் முடக்கப்படும்.,1,ta,otp_scam,113,synthetic_seed_v1
"உங்கள் ரூ 50,000 திரும்பப் பெற UPI கோரிக்கையை அங்கீகரித்து UPI பின்னை உள்ளிடவும்: https://hdfc-rewards.click/claim",1,ta,upi_collect_scam,66,synthetic_seed_v1
991204 is your OTP for Paytm login. Do NOT share it with anyone. -Paytm,0,en,otp_legit,32,synthetic_seed_v1
"आपके Kotak रिवॉर्ड पॉइंट्स जिनकी कीमत रु 1,00,000 है आज समाप्त हो रहे हैं। अभी रिडीम करें: http://bit.ly/win-cash",1,hi_dev,reward_points_expiry,77,synthetic_seed_v1
"Priya, kal subah 10 baje meeting hai, time par aa jana.",0,hi_rom,everyday_legit,101,synthetic_seed_v1
Your order is out for delivery. Share OTP 991204 with the delivery agent to receive it. Track: https://onlinesbi.sbi,0,en,ecommerce_legit,90,synthetic_seed_v1
"இது Cyber Crime Branch. உங்கள் பெயரில் பணமோசடி வழக்கு பதிவாகியுள்ளது. நீங்கள் டிஜிட்டல் கைது செய்யப்பட்டுள்ளீர்கள், வீடியோ அழைப்பை துண்டிக்காதீர்கள், ரூ 50,000 அனுப்பவும்: http://paytm-kyc.link/verify",1,ta,digital_arrest,54,synthetic_seed_v1
"ICICI Sale is live! Flat 1,00,000 off on your next purchase. Shop now at https://onlinesbi.sbi",0,en,promo,36,synthetic_seed_v1
Aapke khate XXXXX1042 me Rs 999 jama hue. Available balance update ho gaya. -Yes Bank,0,hi_rom,txn_alert,29,synthetic_seed_v1
आपका रु 499 का रिफंड लंबित है। इसे पाने के लिए बैंक विवरण सत्यापित करें: http://paytm-kyc.link/verify,1,hi_dev,refund,17,synthetic_seed_v1
"உங்கள் ரூ 9,999 திரும்பப் பணம் நிலுவையில் உள்ளது. பெற வங்கி விவரங்களை சரிபார்க்கவும்: http://icici-netbanking.online/auth",1,ta,refund,115,synthetic_seed_v1
URGENT: Paytm A/C XXXXX8830 blocked due to incomplete KYC. Update now to avoid permanent closure https://kyc-update.top/now,1,en,kyc,1,synthetic_seed_v1
உங்கள் KYC நிலுவையில் இருப்பதால் இன்றிரவு மின் இணைப்பு துண்டிக்கப்படும். இப்போது புதுப்பிக்கவும் அல்லது 9876543210 ஐ அழைக்கவும்: https://kyc-update.top/now,1,ta,utility_kyc,82,synthetic_seed_v1
"Work from home and earn Rs 1,250 daily! Limited seats. Register now with a small fee: https://rbi-refund.gq/form",1,en,job_scam,24,synthetic_seed_v1
705621 आपके SBI लॉगिन के लिए OTP है। इसे किसी के साथ साझा न करें। -SBI,0,hi_dev,otp_legit,34,synthetic_seed_v1
"Congratulations Rahul! You have WON Rs 1,250 in the SBI lucky draw. Claim now: http://icici-netbanking.online/auth",1,en,lottery,11,synthetic_seed_v1
"आपका कूरियर कस्टम में रुका है और इसमें प्रतिबंधित सामान है। 24 घंटे में रु 2,00,000 क्लीयरेंस भरें वरना कानूनी कार्रवाई होगी: https://secure-bank-login.xyz",1,hi_dev,courier_parcel_scam,61,synthetic_seed_v1
"நான் ராணுவ அதிகாரி, உங்கள் OLX பொருள் வேண்டும். ரூ 499 QR மூலம் அனுப்புகிறேன், பெற ஸ்கேன் செய்து அங்கீகரிக்கவும்: https://kyc-update.top/now",1,ta,marketplace_qr_scam,86,synthetic_seed_v1
Aapke khate XXXXX3917 me Rs 499 jama hue. Available balance update ho gaya. -Kotak,0,hi_rom,txn_alert,29,synthetic_seed_v1
"Aapke khate XXXXX0571 me Rs 50,000 jama hue. Available balance update ho gaya. -SBI",0,hi_rom,txn_alert,29,synthetic_seed_v1
"Yes Bank Sale is live! Flat 50,000 off on your next purchase. Shop now at https://paytm.com",0,en,promo,36,synthetic_seed_v1
"HDFC support here. We noticed a failed transaction. To reverse it, share the OTP 705621 or install our app from https://secure-bank-login.xyz. Call 18001234.",1,en,fake_customer_care,67,synthetic_seed_v1
"SBI பாதுகாப்பு எச்சரிக்கை: உங்கள் கணக்கை சரிபார்க்க OTP 705621 ஐ பகிரவும், இல்லையெனில் முடக்கப்படும்.",1,ta,otp_scam,10,synthetic_seed_v1
Priya PhonePe account band ho jayega! Turant KYC update karo varna account block ho jayega: https://hdfc-rewards.click/claim,1,hi_rom,kyc,2,synthetic_seed_v1
आपका ऑर्डर आज डिलीवर होगा। यहां ट्रैक करें https://paytm.com,0,hi_dev,delivery_legit,41,synthetic_seed_v1
"आपका पार्सल कस्टम में रुका है। 24 घंटे में रु 1,00,000 शुल्क भरें अन्यथा वापस भेज दिया जाएगा: https://secure-bank-login.xyz",1,hi_dev,delivery_scam,20,synthetic_seed_v1
"Work from home and earn Rs 1,250 daily! Limited seats. Register now with a small fee: http://paytm-kyc.link/verify",1,en,job_scam,24,synthetic_seed_v1
"अपना रु 1,00,000 रिफंड पाने के लिए UPI रिक्वेस्ट अप्रूव करें और UPI पिन डालें: https://rbi-refund.gq/form",1,hi_dev,upi_collect_scam,65,synthetic_seed_v1
"உங்கள் கணக்கு XXXXX7766 இல் ரூ 9,999 வரவு வைக்கப்பட்டது. இருப்பு புதுப்பிக்கப்பட்டது. -Kotak",0,ta,txn_alert,31,synthetic_seed_v1
"Hamare VIP group me judein, 200% return paayein! InstaPaisa me Rs 50,000 jama karein aur 7 din me paisa double: http://bit.ly/win-cash",1,hi_rom,investment_crypto,72,synthetic_seed_v1
"You have received Rs 1,00,000 from Meena via UPI. -Kotak",0,en,upi_legit,87,synthetic_seed_v1
"प्रिय ग्राहक, आपका Kotak खाता बंद हो जाएगा। तुरंत KYC अपडेट करें वरना खाता ब्लॉक हो जाएगा: https://secure-bank-login.xyz",1,hi_dev,kyc,4,synthetic_seed_v1
"Aapko Priya se UPI ke through Rs 50,000 mile hain. -Kotak",0,hi_rom,upi_legit,88,synthetic_seed_v1
Kotak ஆதரவு. உங்கள் பரிவர்த்தனை தோல்வியடைந்தது. மாற்ற OTP 338190 பகிரவும் அல்லது http://sbi-verify.xyz/login இல் இருந்து செயலியை நிறுவவும். 9876543210 ஐ அழைக்கவும்.,1,ta,fake_customer_care,70,synthetic_seed_v1
"ICICI Sale is live! Flat 1,00,000 off on your next purchase. Shop now at https://netbanking.hdfcbank.com",0,en,promo,36,synthetic_seed_v1
Aapka Rs 999 ka refund pending hai. Paane ke liye bank details verify karein: https://kyc-update.top/now,1,hi_rom,refund,16,synthetic_seed_v1
Congrats! Your loan of Rs 499 is pre-approved with zero documents. Download RupeeFast and get instant cash: http://paytm-kyc.link/verify,1,en,instant_loan_app,55,synthetic_seed_v1
Join our VIP group and earn 200% returns! Deposit Rs 499 in QuickRupee and double your money in 7 days: http://icici-netbanking.online/auth,1,en,investment_crypto,71,synthetic_seed_v1
Congrats! Your loan of Rs 999 is pre-approved with zero documents. Download TradeMax and get instant cash: http://sbi-verify.xyz/login,1,en,instant_loan_app,55,synthetic_seed_v1
"To RECEIVE your refund of Rs 750, approve the UPI request and enter your UPI PIN now: http://icici-netbanking.online/auth",1,en,upi_collect_scam,63,synthetic_seed_v1
"Your refund of Rs 1,00,000 is pending. Verify your bank details to receive it: http://paytm-kyc.link/verify",1,en,refund,15,synthetic_seed_v1
"प्रिय उपभोक्ता, बिल अपडेट न होने के कारण आज रात आपकी बिजली काट दी जाएगी। तुरंत 9876543210 पर संपर्क करें http://paytm-kyc.link/verify",1,hi_dev,electricity,23,synthetic_seed_v1
"I am an Army officer interested in your OLX item. I will send Rs 1,250 via this QR — just scan and approve to receive the money: http://sbi-verify.xyz/login",1,en,marketplace_qr_scam,83,synthetic_seed_v1
"आपके Yes Bank रिवॉर्ड पॉइंट्स जिनकी कीमत रु 2,00,000 है आज समाप्त हो रहे हैं। अभी रिडीम करें: https://rbi-refund.gq/form",1,hi_dev,reward_points_expiry,77,synthetic_seed_v1
"आपका रु 50,000 का रिफंड लंबित है। इसे पाने के लिए बैंक विवरण सत्यापित करें: http://icici-netbanking.online/auth",1,hi_dev,refund,17,synthetic_seed_v1
Axis பாதுகாப்பு: உங்கள் கணக்கை சரிபார்க்க OTP 338190 ஐ உடனே பகிரவும் இல்லையெனில் முடக்கப்படும்.,1,ta,otp_scam,113,synthetic_seed_v1
"Dear Meena, your A/C XXXXX7766 is credited with Rs 50,000 on 27JUN. Avl Bal updated. -SBI",0,en,txn_alert,27,synthetic_seed_v1
Paytm ஆதரவு. உங்கள் பரிவர்த்தனை தோல்வியடைந்தது. மாற்ற OTP 650017 பகிரவும் அல்லது https://hdfc-rewards.click/claim இல் இருந்து செயலியை நிறுவவும். 1800111 ஐ அழைக்கவும்.,1,ta,fake_customer_care,70,synthetic_seed_v1
Your parcel is held at customs. Pay Rs 999 clearance fee within 24 hours or it will be returned: https://rbi-refund.gq/form,1,en,delivery_scam,18,synthetic_seed_v1
Priya ICICI account band ho jayega! Turant KYC update karo varna account block ho jayega: https://rbi-refund.gq/form,1,hi_rom,kyc,2,synthetic_seed_v1
"Aapke PhonePe reward points jinki value Rs 1,250 hai aaj expire ho rahe hain. Abhi redeem karein: https://rbi-refund.gq/form",1,hi_rom,reward_points_expiry,76,synthetic_seed_v1
Your order is out for delivery. Share OTP 338190 with the delivery agent to receive it. Track: https://paytm.com,0,en,ecommerce_legit,90,synthetic_seed_v1
Aapka PhonePe khata XXXXX8830 suspend kar diya gaya hai. Abhi KYC complete karein: http://bit.ly/win-cash,1,hi_rom,kyc,3,synthetic_seed_v1
Join our VIP group and earn 200% returns! Deposit Rs 499 in LoanKamao and double your money in 7 days: http://icici-netbanking.online/auth,1,en,investment_crypto,71,synthetic_seed_v1
705621 aapka ICICI login OTP hai. Ise kisi ke saath share na karein. -ICICI,0,hi_rom,otp_legit,33,synthetic_seed_v1
Kotak பாதுகாப்பு: உங்கள் கணக்கை சரிபார்க்க OTP 991204 ஐ உடனே பகிரவும் இல்லையெனில் முடக்கப்படும்.,1,ta,otp_scam,113,synthetic_seed_v1
"मैं आर्मी अफसर हूं, आपका OLX सामान चाहिए। रु 50,000 QR से भेज रहा हूं, पाने के लिए स्कैन करके अप्रूव करें: https://hdfc-rewards.click/claim",1,hi_dev,marketplace_qr_scam,85,synthetic_seed_v1
"हमारे VIP ग्रुप में जुड़ें, 200% रिटर्न पाएं! LoanKamao में रु 1,00,000 जमा करें और 7 दिन में पैसा डबल: http://sbi-verify.xyz/login",1,hi_dev,investment_crypto,73,synthetic_seed_v1
Your FedEx parcel is held at customs and contains banned items. Pay Rs 499 clearance within 24 hours or face legal action: http://icici-netbanking.online/auth,1,en,courier_parcel_scam,59,synthetic_seed_v1
I am an Army officer interested in your OLX item. I will send Rs 999 via this QR — just scan and approve to receive the money: http://icici-netbanking.online/auth,1,en,marketplace_qr_scam,83,synthetic_seed_v1
"You have received Rs 50,000 from Kavya via UPI. -Kotak",0,en,upi_legit,87,synthetic_seed_v1
Aapka order delivery ke liye nikal gaya hai. Delivery agent ko OTP 338190 dein. Track: https://www.amazon.in,0,hi_rom,ecommerce_legit,91,synthetic_seed_v1
"Ghar baithe Rs 1,250 roz kamayein! Seats limited hain. Choti si fees ke saath register karein: http://icici-netbanking.online/auth",1,hi_rom,job_scam,25,synthetic_seed_v1
ICICI சலுகை! இன்று எலெக்ட்ரானிக்ஸ் பொருட்களில் தள்ளுபடி. இப்போது வாங்குங்கள்: https://netbanking.hdfcbank.com,0,ta,promo,118,synthetic_seed_v1
"Dear consumer, your electricity will be disconnected tonight as your bill is not updated. Call 18001234 immediately http://bit.ly/win-cash",1,en,electricity,21,synthetic_seed_v1
650017 aapka DigiLocker login OTP hai. 10 minute valid. Kisi ko na batayein. https://netbanking.hdfcbank.com,0,hi_rom,govt_service_legit,94,synthetic_seed_v1
"Aapka courier customs me ruka hai. 24 ghante me Rs 50,000 fees bharein warna wapas chala jayega: http://paytm-kyc.link/verify",1,hi_rom,delivery_scam,19,synthetic_seed_v1
Paytm सुरक्षा: अपना खाता सत्यापित करने के लिए OTP 705621 तुरंत बताएं अन्यथा खाता निष्क्रिय हो जाएगा।,1,hi_dev,otp_scam,9,synthetic_seed_v1
Customs Department notice: a parcel with illegal items was seized in your name. Call 1800111 immediately and do NOT disconnect. Pay Rs 999 for case clearance: http://icici-netbanking.online/auth,1,en,digital_arrest,51,synthetic_seed_v1
"Yes Bank sale shuru! Agli kharidari par 50,000 ki chhoot. Abhi kharidein https://www.amazon.in",0,hi_rom,promo,37,synthetic_seed_v1
"I am an Army officer interested in your OLX item. I will send Rs 2,00,000 via this QR — just scan and approve to receive the money: https://secure-bank-login.xyz",1,en,marketplace_qr_scam,83,synthetic_seed_v1
"बधाई! आपका रु 50,000 का लोन बिना दस्तावेज़ के मंज़ूर हो गया। CashBee डाउनलोड करें और तुरंत पैसे पाएं: https://hdfc-rewards.click/claim",1,hi_dev,instant_loan_app,57,synthetic_seed_v1
"आपके Kotak रिवॉर्ड पॉइंट्स जिनकी कीमत रु 9,999 है आज समाप्त हो रहे हैं। अभी रिडीम करें: https://hdfc-rewards.click/claim",1,hi_dev,reward_points_expiry,77,synthetic_seed_v1
991204 आपके HDFC लॉगिन के लिए OTP है। इसे किसी के साथ साझा न करें। -HDFC,0,hi_dev,otp_legit,34,synthetic_seed_v1
"Your refund of Rs 50,000 is pending. Verify your bank details to receive it: http://bit.ly/win-cash",1,en,refund,15,synthetic_seed_v1
"Kotak sale shuru! Agli kharidari par 9,999 ki chhoot. Abhi kharidein https://netbanking.hdfcbank.com",0,hi_rom,promo,37,synthetic_seed_v1
"ஹாய் Suresh, நாளை மதியம் 1 மணிக்கு சந்திக்கலாமா?",0,ta,chat,49,synthetic_seed_v1
"Axis பாதுகாப்பு எச்சரிக்கை: உங்கள் கணக்கை சரிபார்க்க OTP 338190 ஐ பகிரவும், இல்லையெனில் முடக்கப்படும்.",1,ta,otp_scam,10,synthetic_seed_v1
இன்று மாலை வீட்டில் இரவு உணவுக்கு வருகிறீர்களா?,0,ta,everyday_legit,110,synthetic_seed_v1
"TRAI se baat kar rahe hain. Aapke naam par money laundering ka case hai. Aap digital arrest me hain, video call mat kaatiye aur Rs 9,999 verification account me bhejiye: https://rbi-refund.gq/form",1,hi_rom,digital_arrest,52,synthetic_seed_v1
"आपका पार्सल कस्टम में रुका है। 24 घंटे में रु 9,999 शुल्क भरें अन्यथा वापस भेज दिया जाएगा: http://sbi-verify.xyz/login",1,hi_dev,delivery_scam,20,synthetic_seed_v1
"Ghar baithe Rs 2,00,000 roz kamayein! Seats limited hain. Choti si fees ke saath register karein: http://paytm-kyc.link/verify",1,hi_rom,job_scam,25,synthetic_seed_v1
"Dear Priya, your SBI account is suspended. Complete KYC immediately or your account will be blocked: http://bit.ly/win-cash",1,en,kyc,0,synthetic_seed_v1
"இது Narcotics Control Bureau. உங்கள் பெயரில் பணமோசடி வழக்கு பதிவாகியுள்ளது. நீங்கள் டிஜிட்டல் கைது செய்யப்பட்டுள்ளீர்கள், வீடியோ அழைப்பை துண்டிக்காதீர்கள், ரூ 2,00,000 அனுப்பவும்: https://hdfc-rewards.click/claim",1,ta,digital_arrest,54,synthetic_seed_v1
"Rs 9,999 debited from A/C XXXXX0571 for UPI payment. Not you? Call 18001234. -Paytm",0,en,txn_alert,28,synthetic_seed_v1
உங்கள் ரூ 750 திரும்பப் பணம் நிலுவையில் உள்ளது. பெற வங்கி விவரங்களை சரிபார்க்கவும்: https://rbi-refund.gq/form,1,ta,refund,115,synthetic_seed_v1
"Dear ग्राहक, your A/C XXXXX7766 is credited with Rs 1,250 on 27JUN. Avl Bal updated. -Paytm",0,en,txn_alert,27,synthetic_seed_v1
"Main Army officer hoon, aapka OLX saman chahiye. Rs 1,00,000 QR se bhej raha hoon, receive karne ke liye scan karke approve karein: https://hdfc-rewards.click/claim",1,hi_rom,marketplace_qr_scam,84,synthetic_seed_v1
You have received Rs 499 from Meena via UPI. -ICICI,0,en,upi_legit,87,synthetic_seed_v1
Aaj raat aapki bijli kaat di jayegi kyunki bill update nahi hua. Turant 08041234567 par call karein https://rbi-refund.gq/form,1,hi_rom,electricity,22,synthetic_seed_v1
"Hey Meena, kal lunch pe milte hain na 1 baje?",0,hi_rom,chat,47,synthetic_seed_v1
"ICICI Sale is live! Flat 1,250 off on your next purchase. Shop now at https://www.icicibank.com",0,en,promo,36,synthetic_seed_v1
Yes Bank Sale is live! Flat 750 off on your next purchase. Shop now at https://paytm.com,0,en,promo,36,synthetic_seed_v1
338190 is your OTP for DigiLocker login. Valid for 10 minutes. Do not share it. https://www.amazon.in,0,en,govt_service_legit,93,synthetic_seed_v1
338190 is your OTP for DigiLocker login. Valid for 10 minutes. Do not share it. https://paytm.com,0,en,govt_service_legit,93,synthetic_seed_v1
"आपका रु 1,00,000 का रिफंड लंबित है। इसे पाने के लिए बैंक विवरण सत्यापित करें: http://bit.ly/win-cash",1,hi_dev,refund,17,synthetic_seed_v1
आपका बिजली कनेक्शन आज रात कट जाएगा क्योंकि KYC लंबित है। अभी अपडेट करें या 1800111 पर कॉल करें: http://icici-netbanking.online/auth,1,hi_dev,utility_kyc,81,synthetic_seed_v1
"हमारे VIP ग्रुप में जुड़ें, 200% रिटर्न पाएं! InstaPaisa में रु 999 जमा करें और 7 दिन में पैसा डबल: https://kyc-update.top/now",1,hi_dev,investment_crypto,73,synthetic_seed_v1
SBI सुरक्षा: अपना खाता सत्यापित करने के लिए OTP 482913 तुरंत बताएं अन्यथा खाता निष्क्रिय हो जाएगा।,1,hi_dev,otp_scam,9,synthetic_seed_v1
"अरे customer, कल दोपहर 1 बजे लंच पर मिल रहे हैं ना?",0,hi_dev,chat,48,synthetic_seed_v1
"நான் ராணுவ அதிகாரி, உங்கள் OLX பொருள் வேண்டும். ரூ 1,00,000 QR மூலம் அனுப்புகிறேன், பெற ஸ்கேன் செய்து அங்கீகரிக்கவும்: http://bit.ly/win-cash",1,ta,marketplace_qr_scam,86,synthetic_seed_v1
உங்கள் ரூ 499 திரும்பப் பணம் நிலுவையில் உள்ளது. பெற வங்கி விவரங்களை சரிபார்க்கவும்: https://secure-bank-login.xyz,1,ta,refund,115,synthetic_seed_v1
"உங்கள் கணக்கு XXXXX8830 இல் ரூ 1,250 வரவு வைக்கப்பட்டது. இருப்பு புதுப்பிக்கப்பட்டது. -Paytm",0,ta,txn_alert,116,synthetic_seed_v1
Ghar baithe Rs 499 roz kamayein! Seats limited hain. Choti si fees ke saath register karein: https://hdfc-rewards.click/claim,1,hi_rom,job_scam,25,synthetic_seed_v1
Rs 999 debited from A/C XXXXX0571 for UPI payment. Not you? Call 08041234567. -Paytm,0,en,txn_alert,28,synthetic_seed_v1
"Reminder: your electricity bill of Rs 2,00,000 is due on 5th. Pay via the official app https://www.icicibank.com",0,en,bill_legit,42,synthetic_seed_v1
बधाई हो! आप Paytm लकी ड्रॉ में रु 999 जीत गए हैं। अभी इनाम क्लेम करें: https://secure-bank-login.xyz,1,hi_dev,lottery,13,synthetic_seed_v1
"घर बैठे रोज रु 1,00,000 कमाएं! सीटें सीमित हैं। छोटी सी फीस देकर अभी रजिस्टर करें: https://rbi-refund.gq/form",1,hi_dev,job_scam,26,synthetic_seed_v1
आपका ऑर्डर डिलीवरी के लिए निकल गया है। डिलीवरी एजेंट को OTP 705621 दें। ट्रैक करें: https://onlinesbi.sbi,0,hi_dev,ecommerce_legit,92,synthetic_seed_v1
आपका ऑर्डर डिलीवरी के लिए निकल गया है। डिलीवरी एजेंट को OTP 482913 दें। ट्रैक करें: https://www.icicibank.com,0,hi_dev,ecommerce_legit,92,synthetic_seed_v1
Aaj raat aapki bijli kaat di jayegi kyunki bill update nahi hua. Turant 1800111 par call karein https://hdfc-rewards.click/claim,1,hi_rom,electricity,22,synthetic_seed_v1
"मैं आर्मी अफसर हूं, आपका OLX सामान चाहिए। रु 1,250 QR से भेज रहा हूं, पाने के लिए स्कैन करके अप्रूव करें: http://sbi-verify.xyz/login",1,hi_dev,marketplace_qr_scam,85,synthetic_seed_v1
Your electricity connection will be disconnected tonight as your KYC is pending. Update now or call 08041234567: http://bit.ly/win-cash,1,en,utility_kyc,79,synthetic_seed_v1
"Income Tax Department se baat kar rahe hain. Aapke naam par money laundering ka case hai. Aap digital arrest me hain, video call mat kaatiye aur Rs 9,999 verification account me bhejiye: https://kyc-update.top/now",1,hi_rom,digital_arrest,52,synthetic_seed_v1
"Aapka courier customs me ruka hai, isme banned saman hai. 24 ghante me Rs 50,000 clearance bhare warna legal action hoga: http://sbi-verify.xyz/login",1,hi_rom,courier_parcel_scam,60,synthetic_seed_v1
"Hamare VIP group me judein, 200% return paayein! RupeeFast me Rs 999 jama karein aur 7 din me paisa double: https://rbi-refund.gq/form",1,hi_rom,investment_crypto,72,synthetic_seed_v1
உங்கள் KYC நிலுவையில் இருப்பதால் இன்றிரவு மின் இணைப்பு துண்டிக்கப்படும். இப்போது புதுப்பிக்கவும் அல்லது 08041234567 ஐ அழைக்கவும்: https://kyc-update.top/now,1,ta,utility_kyc,82,synthetic_seed_v1
"You have received Rs 1,250 from ग्राहक via UPI. -ICICI",0,en,upi_legit,87,synthetic_seed_v1
"வாழ்த்துக்கள்! நீங்கள் ICICI லக்கி டிராவில் ரூ 50,000 வென்றுள்ளீர்கள். இப்போது claim செய்யவும்: http://sbi-verify.xyz/login",1,ta,lottery,114,synthetic_seed_v1
Your order is out for delivery. Share OTP 705621 with the delivery agent to receive it. Track: https://www.icicibank.com,0,en,ecommerce_legit,90,synthetic_seed_v1
உங்கள் கணக்கு XXXXX7766 இல் ரூ 499 வரவு வைக்கப்பட்டது. இருப்பு புதுப்பிக்கப்பட்டது. -Axis,0,ta,txn_alert,116,synthetic_seed_v1
"आपका रु 1,250 का रिफंड लंबित है। इसे पाने के लिए बैंक विवरण सत्यापित करें: http://sbi-verify.xyz/login",1,hi_dev,refund,17,synthetic_seed_v1
आपका ऑर्डर आज डिलीवर होगा। यहां ट्रैक करें https://onlinesbi.sbi,0,hi_dev,delivery_legit,41,synthetic_seed_v1
You have received Rs 499 from ग्राहक via UPI. -Kotak,0,en,upi_legit,87,synthetic_seed_v1
"हमारे VIP ग्रुप में जुड़ें, 200% रिटर्न पाएं! LoanKamao में रु 1,250 जमा करें और 7 दिन में पैसा डबल: http://bit.ly/win-cash",1,hi_dev,investment_crypto,73,synthetic_seed_v1
Yes Bank support se. Aapka transaction fail hua hai. Reverse karne ke liye OTP 482913 batayein ya https://rbi-refund.gq/form se app install karein. Call 08041234567.,1,hi_rom,fake_customer_care,68,synthetic_seed_v1
உங்கள் ICICI கணக்கு முடக்கப்படும்! உடனடியாக KYC புதுப்பிக்கவும் இல்லையெனில் கணக்கு நிரந்தரமாக மூடப்படும்: http://icici-netbanking.online/auth,1,ta,kyc,6,synthetic_seed_v1
"अरे Meena, कल दोपहर 1 बजे लंच पर मिल रहे हैं ना?",0,hi_dev,chat,48,synthetic_seed_v1
650017 is your OTP for Paytm login. Do NOT share it with anyone. -Paytm,0,en,otp_legit,32,synthetic_seed_v1
"உங்கள் ரூ 9,999 திரும்பப் பணம் நிலுவையில் உள்ளது. பெற வங்கி விவரங்களை சரிபார்க்கவும்: http://paytm-kyc.link/verify",1,ta,refund,115,synthetic_seed_v1
आपका बिजली कनेक्शन आज रात कट जाएगा क्योंकि KYC लंबित है। अभी अपडेट करें या 18001234 पर कॉल करें: http://bit.ly/win-cash,1,hi_dev,utility_kyc,81,synthetic_seed_v1
आपका ऑर्डर आज डिलीवर होगा। यहां ट्रैक करें https://netbanking.hdfcbank.com,0,hi_dev,delivery_legit,41,synthetic_seed_v1
"Aapka Rs 2,00,000 ka refund pending hai. Paane ke liye bank details verify karein: http://sbi-verify.xyz/login",1,hi_rom,refund,16,synthetic_seed_v1
உங்கள் SBI கணக்கு முடக்கப்படும்! உடனடியாக KYC புதுப்பிக்கவும் இல்லையெனில் கணக்கு நிரந்தரமாக மூடப்படும்: https://rbi-refund.gq/form,1,ta,kyc,6,synthetic_seed_v1
"Aapko customer se UPI ke through Rs 2,00,000 mile hain. -ICICI",0,hi_rom,upi_legit,88,synthetic_seed_v1
"Your Axis reward points worth Rs 1,00,000 expire TODAY. Redeem instantly here: https://secure-bank-login.xyz",1,en,reward_points_expiry,75,synthetic_seed_v1
"Your FedEx parcel is held at customs and contains banned items. Pay Rs 2,00,000 clearance within 24 hours or face legal action: http://bit.ly/win-cash",1,en,courier_parcel_scam,59,synthetic_seed_v1
HDFC ஆதரவு. உங்கள் பரிவர்த்தனை தோல்வியடைந்தது. மாற்ற OTP 705621 பகிரவும் அல்லது http://sbi-verify.xyz/login இல் இருந்து செயலியை நிறுவவும். 08041234567 ஐ அழைக்கவும்.,1,ta,fake_customer_care,70,synthetic_seed_v1
"अनुस्मारक: आपका रु 2,00,000 का बिजली बिल 5 तारीख को देय है। आधिकारिक ऐप से भुगतान करें https://onlinesbi.sbi",0,hi_dev,bill_legit,44,synthetic_seed_v1
"Aapka courier customs me ruka hai. 24 ghante me Rs 1,00,000 fees bharein warna wapas chala jayega: https://secure-bank-login.xyz",1,hi_rom,delivery_scam,19,synthetic_seed_v1
Paytm ஆதரவு. உங்கள் பரிவர்த்தனை தோல்வியடைந்தது. மாற்ற OTP 482913 பகிரவும் அல்லது http://bit.ly/win-cash இல் இருந்து செயலியை நிறுவவும். 9876543210 ஐ அழைக்கவும்.,1,ta,fake_customer_care,70,synthetic_seed_v1
"बधाई! आपका रु 2,00,000 का लोन बिना दस्तावेज़ के मंज़ूर हो गया। CashBee डाउनलोड करें और तुरंत पैसे पाएं: http://sbi-verify.xyz/login",1,hi_dev,instant_loan_app,57,synthetic_seed_v1
"प्रिय ग्राहक, आपका Paytm खाता बंद हो जाएगा। तुरंत KYC अपडेट करें वरना खाता ब्लॉक हो जाएगा: https://secure-bank-login.xyz",1,hi_dev,kyc,4,synthetic_seed_v1
आपका ऑर्डर डिलीवरी के लिए निकल गया है। डिलीवरी एजेंट को OTP 338190 दें। ट्रैक करें: https://onlinesbi.sbi,0,hi_dev,ecommerce_legit,92,synthetic_seed_v1
"आपका कूरियर कस्टम में रुका है और इसमें प्रतिबंधित सामान है। 24 घंटे में रु 50,000 क्लीयरेंस भरें वरना कानूनी कार्रवाई होगी: http://paytm-kyc.link/verify",1,hi_dev,courier_parcel_scam,61,synthetic_seed_v1
"Yes Bank se: account verify karne ke liye OTP 991204 abhi share karein, nahi to account band ho jayega.",1,hi_rom,otp_scam,8,synthetic_seed_v1
705621 aapka DigiLocker login OTP hai. 10 minute valid. Kisi ko na batayein. https://www.amazon.in,0,hi_rom,govt_service_legit,94,synthetic_seed_v1
"Aapke Kotak reward points jinki value Rs 50,000 hai aaj expire ho rahe hain. Abhi redeem karein: https://rbi-refund.gq/form",1,hi_rom,reward_points_expiry,76,synthetic_seed_v1
Aapka bijli connection aaj raat kat jayega kyunki KYC pending hai. Abhi update karein ya 1800111 par call karein: http://bit.ly/win-cash,1,hi_rom,utility_kyc,80,synthetic_seed_v1
"எங்கள் VIP குழுவில் சேருங்கள், 200% லாபம்! InstaPaisa இல் ரூ 9,999 டெபாசிட் செய்து 7 நாட்களில் பணத்தை இரட்டிப்பாக்குங்கள்: http://sbi-verify.xyz/login",1,ta,investment_crypto,74,synthetic_seed_v1
Your order has been delivered. Hope you enjoyed it! Please rate your experience.,0,en,everyday_legit,99,synthetic_seed_v1
"Your FedEx parcel is held at customs and contains banned items. Pay Rs 50,000 clearance within 24 hours or face legal action: https://secure-bank-login.xyz",1,en,courier_parcel_scam,59,synthetic_seed_v1
This is Mumbai Police. Your bank account is linked to a money-laundering case. You are under digital arrest. Stay on this video call and transfer Rs 750 to the verification account or be arrested: http://sbi-verify.xyz/login,1,en,digital_arrest,50,synthetic_seed_v1
"आपका रु 2,00,000 का रिफंड लंबित है। इसे पाने के लिए बैंक विवरण सत्यापित करें: http://icici-netbanking.online/auth",1,hi_dev,refund,17,synthetic_seed_v1
आपके SBI रिवॉर्ड पॉइंट्स जिनकी कीमत रु 750 है आज समाप्त हो रहे हैं। अभी रिडीम करें: http://bit.ly/win-cash,1,hi_dev,reward_points_expiry,77,synthetic_seed_v1
Aapke khate XXXXX0571 me Rs 750 jama hue. Available balance update ho gaya. -ICICI,0,hi_rom,txn_alert,29,synthetic_seed_v1
आपका बिजली कनेक्शन आज रात कट जाएगा क्योंकि KYC लंबित है। अभी अपडेट करें या 18001234 पर कॉल करें: http://sbi-verify.xyz/login,1,hi_dev,utility_kyc,81,synthetic_seed_v1
Work from home and earn Rs 499 daily! Limited seats. Register now with a small fee: https://kyc-update.top/now,1,en,job_scam,24,synthetic_seed_v1
338190 உங்கள் HDFC உள்நுழைவுக்கான OTP. யாருடனும் பகிர வேண்டாம். -HDFC,0,ta,otp_legit,117,synthetic_seed_v1
"Axis se: account verify karne ke liye OTP 482913 abhi share karein, nahi to account band ho jayega.",1,hi_rom,otp_scam,8,synthetic_seed_v1
Congrats! Your loan of Rs 499 is pre-approved with zero documents. Download QuickRupee and get instant cash: https://kyc-update.top/now,1,en,instant_loan_app,55,synthetic_seed_v1
"Yes Bank security alert: share the OTP 650017 sent to your phone to verify your account, else it will be deactivated.",1,en,otp_scam,7,synthetic_seed_v1
Your electricity connection will be disconnected tonight as your KYC is pending. Update now or call 08041234567: http://icici-netbanking.online/auth,1,en,utility_kyc,79,synthetic_seed_v1
PhonePe சலுகை! இன்று எலெக்ட்ரானிக்ஸ் பொருட்களில் தள்ளுபடி. இப்போது வாங்குங்கள்: https://onlinesbi.sbi,0,ta,promo,118,synthetic_seed_v1
"Congratulations Meena! You have WON Rs 1,00,000 in the Axis lucky draw. Claim now: https://kyc-update.top/now",1,en,lottery,11,synthetic_seed_v1
"Your refund of Rs 9,999 is pending. Verify your bank details to receive it: https://secure-bank-login.xyz",1,en,refund,15,synthetic_seed_v1
Aapke Axis reward points jinki value Rs 750 hai aaj expire ho rahe hain. Abhi redeem karein: http://sbi-verify.xyz/login,1,hi_rom,reward_points_expiry,76,synthetic_seed_v1
650017 आपका DigiLocker लॉगिन OTP है। 10 मिनट के लिए वैध। किसी को न बताएं। https://onlinesbi.sbi,0,hi_dev,govt_service_legit,95,synthetic_seed_v1
உங்கள் KYC நிலுவையில் இருப்பதால் இன்றிரவு மின் இணைப்பு துண்டிக்கப்படும். இப்போது புதுப்பிக்கவும் அல்லது 08041234567 ஐ அழைக்கவும்: http://sbi-verify.xyz/login,1,ta,utility_kyc,82,synthetic_seed_v1
"Dear consumer, your electricity will be disconnected tonight as your bill is not updated. Call 9876543210 immediately http://icici-netbanking.online/auth",1,en,electricity,21,synthetic_seed_v1
Priya HDFC account band ho jayega! Turant KYC update karo varna account block ho jayega: https://secure-bank-login.xyz,1,hi_rom,kyc,2,synthetic_seed_v1
"உங்கள் கணக்கு XXXXX7766 இல் ரூ 1,250 வரவு வைக்கப்பட்டது. இருப்பு புதுப்பிக்கப்பட்டது. -Paytm",0,ta,txn_alert,116,synthetic_seed_v1
"உங்கள் பார்சல் சுங்கத்தில் தடைசெய்யப்பட்ட பொருட்களுடன் நிறுத்தப்பட்டுள்ளது. 24 மணி நேரத்தில் ரூ 1,250 செலுத்தவும் இல்லையெனில் சட்ட நடவடிக்கை: https://rbi-refund.gq/form",1,ta,courier_parcel_scam,62,synthetic_seed_v1
"Apna Rs 50,000 refund paane ke liye UPI request approve karein aur UPI PIN daalein: http://sbi-verify.xyz/login",1,hi_rom,upi_collect_scam,64,synthetic_seed_v1
வாழ்த்துக்கள்! ஆவணம் இல்லாமல் ரூ 750 கடன் முன்அனுமதி பெற்றது. InstaPaisa பதிவிறக்கம் செய்து உடனே பணம் பெறுங்கள்: http://icici-netbanking.online/auth,1,ta,instant_loan_app,58,synthetic_seed_v1
Your order is out for delivery. Share OTP 991204 with the delivery agent to receive it. Track: https://www.amazon.in,0,en,ecommerce_legit,90,synthetic_seed_v1
"बधाई! आपका रु 1,00,000 का लोन बिना दस्तावेज़ के मंज़ूर हो गया। LoanKamao डाउनलोड करें और तुरंत पैसे पाएं: http://paytm-kyc.link/verify",1,hi_dev,instant_loan_app,57,synthetic_seed_v1
482913 is your OTP for SBI login. Do NOT share it with anyone. -SBI,0,en,otp_legit,32,synthetic_seed_v1
Axis सुरक्षा: अपना खाता सत्यापित करने के लिए OTP 705621 तुरंत बताएं अन्यथा खाता निष्क्रिय हो जाएगा।,1,hi_dev,otp_scam,9,synthetic_seed_v1
"Main Army officer hoon, aapka OLX saman chahiye. Rs 2,00,000 QR se bhej raha hoon, receive karne ke liye scan karke approve karein: https://rbi-refund.gq/form",1,hi_rom,marketplace_qr_scam,84,synthetic_seed_v1
"நான் ராணுவ அதிகாரி, உங்கள் OLX பொருள் வேண்டும். ரூ 2,00,000 QR மூலம் அனுப்புகிறேன், பெற ஸ்கேன் செய்து அங்கீகரிக்கவும்: http://paytm-kyc.link/verify",1,ta,marketplace_qr_scam,86,synthetic_seed_v1
"अनुस्मारक: आपका रु 9,999 का बिजली बिल 5 तारीख को देय है। आधिकारिक ऐप से भुगतान करें https://paytm.com",0,hi_dev,bill_legit,44,synthetic_seed_v1
உங்கள் Axis கணக்கு முடக்கப்படும்! உடனடியாக KYC புதுப்பிக்கவும் இல்லையெனில் கணக்கு நிரந்தரமாக மூடப்படும்: https://secure-bank-login.xyz,1,ta,kyc,6,synthetic_seed_v1
"Join our VIP group and earn 200% returns! Deposit Rs 50,000 in LoanKamao and double your money in 7 days: https://kyc-update.top/now",1,en,investment_crypto,71,synthetic_seed_v1
"TRAI se baat kar rahe hain. Aapke naam par money laundering ka case hai. Aap digital arrest me hain, video call mat kaatiye aur Rs 750 verification account me bhejiye: http://icici-netbanking.online/auth",1,hi_rom,digital_arrest,52,synthetic_seed_v1
705621 உங்கள் SBI உள்நுழைவுக்கான OTP. யாருடனும் பகிர வேண்டாம். -SBI,0,ta,otp_legit,117,synthetic_seed_v1
ரூ 999 மதிப்புள்ள உங்கள் SBI வெகுமதி புள்ளிகள் இன்று காலாவதியாகின்றன. இப்போது மீட்டெடுக்கவும்: https://secure-bank-login.xyz,1,ta,reward_points_expiry,78,synthetic_seed_v1
"अनुस्मारक: आपका रु 50,000 का बिजली बिल 5 तारीख को देय है। आधिकारिक ऐप से भुगतान करें https://netbanking.hdfcbank.com",0,hi_dev,bill_legit,44,synthetic_seed_v1
"Your Kotak reward points worth Rs 50,000 expire TODAY. Redeem instantly here: https://kyc-update.top/now",1,en,reward_points_expiry,75,synthetic_seed_v1
"Aapka Rs 2,00,000 ka refund pending hai. Paane ke liye bank details verify karein: http://bit.ly/win-cash",1,hi_rom,refund,16,synthetic_seed_v1
Yaad dilaye: aapka Rs 999 ka bijli bill 5 tarikh ko due hai. Official app se bharein https://netbanking.hdfcbank.com,0,hi_rom,bill_legit,43,synthetic_seed_v1
"வாழ்த்துக்கள்! ஆவணம் இல்லாமல் ரூ 9,999 கடன் முன்அனுமதி பெற்றது. QuickRupee பதிவிறக்கம் செய்து உடனே பணம் பெறுங்கள்: http://paytm-kyc.link/verify",1,ta,instant_loan_app,58,synthetic_seed_v1
"வாழ்த்துக்கள்! நீங்கள் ICICI லக்கி டிராவில் ரூ 50,000 வென்றுள்ளீர்கள். இப்போது claim செய்யவும்: http://paytm-kyc.link/verify",1,ta,lottery,14,synthetic_seed_v1
Congratulations Priya! You have WON Rs 499 in the SBI lucky draw. Claim now: https://hdfc-rewards.click/claim,1,en,lottery,11,synthetic_seed_v1
"To RECEIVE your refund of Rs 1,00,000, approve the UPI request and enter your UPI PIN now: http://paytm-kyc.link/verify",1,en,upi_collect_scam,63,synthetic_seed_v1
Badhai ho! Aap HDFC lucky draw me Rs 499 jeet gaye hain. Abhi claim karein: https://rbi-refund.gq/form,1,hi_rom,lottery,12,synthetic_seed_v1
Aapka PhonePe khata XXXXX7766 suspend kar diya gaya hai. Abhi KYC complete karein: https://rbi-refund.gq/form,1,hi_rom,kyc,3,synthetic_seed_v1
991204 aapka DigiLocker login OTP hai. 10 minute valid. Kisi ko na batayein. https://paytm.com,0,hi_rom,govt_service_legit,94,synthetic_seed_v1
ICICI பாதுகாப்பு: உங்கள் கணக்கை சரிபார்க்க OTP 482913 ஐ உடனே பகிரவும் இல்லையெனில் முடக்கப்படும்.,1,ta,otp_scam,113,synthetic_seed_v1
आपका ऑर्डर डिलीवरी के लिए निकल गया है। डिलीवरी एजेंट को OTP 482913 दें। ट्रैक करें: https://www.amazon.in,0,hi_dev,ecommerce_legit,92,synthetic_seed_v1
"घर बैठे रोज रु 9,999 कमाएं! सीटें सीमित हैं। छोटी सी फीस देकर अभी रजिस्टर करें: https://hdfc-rewards.click/claim",1,hi_dev,job_scam,26,synthetic_seed_v1
"வாழ்த்துக்கள்! ஆவணம் இல்லாமல் ரூ 1,250 கடன் முன்அனுமதி பெற்றது. RupeeFast பதிவிறக்கம் செய்து உடனே பணம் பெறுங்கள்: http://icici-netbanking.online/auth",1,ta,instant_loan_app,58,synthetic_seed_v1
Aapka order aaj deliver hoga. Yaha track karein https://www.amazon.in,0,hi_rom,delivery_legit,40,synthetic_seed_v1
உங்கள் பார்சல் சுங்கத்தில் தடைசெய்யப்பட்ட பொருட்களுடன் நிறுத்தப்பட்டுள்ளது. 24 மணி நேரத்தில் ரூ 499 செலுத்தவும் இல்லையெனில் சட்ட நடவடிக்கை: https://kyc-update.top/now,1,ta,courier_parcel_scam,62,synthetic_seed_v1
"आपके Kotak रिवॉर्ड पॉइंट्स जिनकी कीमत रु 50,000 है आज समाप्त हो रहे हैं। अभी रिडीम करें: http://paytm-kyc.link/verify",1,hi_dev,reward_points_expiry,77,synthetic_seed_v1
Your electricity connection will be disconnected tonight as your KYC is pending. Update now or call 1800111: http://bit.ly/win-cash,1,en,utility_kyc,79,synthetic_seed_v1
"உங்கள் பார்சல் சுங்கத்தில் தடைசெய்யப்பட்ட பொருட்களுடன் நிறுத்தப்பட்டுள்ளது. 24 மணி நேரத்தில் ரூ 2,00,000 செலுத்தவும் இல்லையெனில் சட்ட நடவடிக்கை: http://sbi-verify.xyz/login",1,ta,courier_parcel_scam,62,synthetic_seed_v1
आपका ऑर्डर डिलीवरी के लिए निकल गया है। डिलीवरी एजेंट को OTP 705621 दें। ट्रैक करें: https://www.icicibank.com,0,hi_dev,ecommerce_legit,92,synthetic_seed_v1
"HDFC se: account verify karne ke liye OTP 991204 abhi share karein, nahi to account band ho jayega.",1,hi_rom,otp_scam,8,synthetic_seed_v1
"Paytm se: account verify karne ke liye OTP 650017 abhi share karein, nahi to account band ho jayega.",1,hi_rom,otp_scam,8,synthetic_seed_v1
"நான் ராணுவ அதிகாரி, உங்கள் OLX பொருள் வேண்டும். ரூ 9,999 QR மூலம் அனுப்புகிறேன், பெற ஸ்கேன் செய்து அங்கீகரிக்கவும்: https://kyc-update.top/now",1,ta,marketplace_qr_scam,86,synthetic_seed_v1
உங்கள் ரூ 499 திரும்பப் பணம் நிலுவையில் உள்ளது. பெற வங்கி விவரங்களை சரிபார்க்கவும்: https://hdfc-rewards.click/claim,1,ta,refund,115,synthetic_seed_v1
"हमारे VIP ग्रुप में जुड़ें, 200% रिटर्न पाएं! QuickRupee में रु 2,00,000 जमा करें और 7 दिन में पैसा डबल: https://kyc-update.top/now",1,hi_dev,investment_crypto,73,synthetic_seed_v1
"Aapka courier customs me ruka hai, isme banned saman hai. 24 ghante me Rs 499 clearance bhare warna legal action hoga: https://rbi-refund.gq/form",1,hi_rom,courier_parcel_scam,60,synthetic_seed_v1
"இது Customs Department. உங்கள் பெயரில் பணமோசடி வழக்கு பதிவாகியுள்ளது. நீங்கள் டிஜிட்டல் கைது செய்யப்பட்டுள்ளீர்கள், வீடியோ அழைப்பை துண்டிக்காதீர்கள், ரூ 499 அனுப்பவும்: http://sbi-verify.xyz/login",1,ta,digital_arrest,54,synthetic_seed_v1
"I am an Army officer interested in your OLX item. I will send Rs 2,00,000 via this QR — just scan and approve to receive the money: https://rbi-refund.gq/form",1,en,marketplace_qr_scam,83,synthetic_seed_v1
HDFC support se. Aapka transaction fail hua hai. Reverse karne ke liye OTP 650017 batayein ya http://sbi-verify.xyz/login se app install karein. Call 08041234567.,1,hi_rom,fake_customer_care,68,synthetic_seed_v1
Badhai ho! Aap Yes Bank lucky draw me Rs 999 jeet gaye hain. Abhi claim karein: https://secure-bank-login.xyz,1,hi_rom,lottery,12,synthetic_seed_v1
"मैं आर्मी अफसर हूं, आपका OLX सामान चाहिए। रु 2,00,000 QR से भेज रहा हूं, पाने के लिए स्कैन करके अप्रूव करें: http://paytm-kyc.link/verify",1,hi_dev,marketplace_qr_scam,85,synthetic_seed_v1
Aapke khate XXXXX7766 me Rs 750 jama hue. Available balance update ho gaya. -Kotak,0,hi_rom,txn_alert,29,synthetic_seed_v1
"मैं आर्मी अफसर हूं, आपका OLX सामान चाहिए। रु 2,00,000 QR से भेज रहा हूं, पाने के लिए स्कैन करके अप्रूव करें: http://icici-netbanking.online/auth",1,hi_dev,marketplace_qr_scam,85,synthetic_seed_v1
अपना रु 750 रिफंड पाने के लिए UPI रिक्वेस्ट अप्रूव करें और UPI पिन डालें: https://hdfc-rewards.click/claim,1,hi_dev,upi_collect_scam,65,synthetic_seed_v1
"Main Army officer hoon, aapka OLX saman chahiye. Rs 9,999 QR se bhej raha hoon, receive karne ke liye scan karke approve karein: https://hdfc-rewards.click/claim",1,hi_rom,marketplace_qr_scam,84,synthetic_seed_v1
"To RECEIVE your refund of Rs 999, approve the UPI request and enter your UPI PIN now: https://rbi-refund.gq/form",1,en,upi_collect_scam,63,synthetic_seed_v1
"customer, कल सुबह 10 बजे मीटिंग है, समय पर आ जाना।",0,hi_dev,everyday_legit,105,synthetic_seed_v1
ரூ 999 மதிப்புள்ள உங்கள் Yes Bank வெகுமதி புள்ளிகள் இன்று காலாவதியாகின்றன. இப்போது மீட்டெடுக்கவும்: http://sbi-verify.xyz/login,1,ta,reward_points_expiry,78,synthetic_seed_v1
"Arjun, kal subah 10 baje meeting hai, time par aa jana.",0,hi_rom,everyday_legit,101,synthetic_seed_v1
"உங்கள் பார்சல் சுங்கத்தில் தடைசெய்யப்பட்ட பொருட்களுடன் நிறுத்தப்பட்டுள்ளது. 24 மணி நேரத்தில் ரூ 2,00,000 செலுத்தவும் இல்லையெனில் சட்ட நடவடிக்கை: https://hdfc-rewards.click/claim",1,ta,courier_parcel_scam,62,synthetic_seed_v1
अनुस्मारक: आपका रु 499 का बिजली बिल 5 तारीख को देय है। आधिकारिक ऐप से भुगतान करें https://netbanking.hdfcbank.com,0,hi_dev,bill_legit,44,synthetic_seed_v1
अपना रु 750 रिफंड पाने के लिए UPI रिक्वेस्ट अप्रूव करें और UPI पिन डालें: http://paytm-kyc.link/verify,1,hi_dev,upi_collect_scam,65,synthetic_seed_v1
PhonePe support se. Aapka transaction fail hua hai. Reverse karne ke liye OTP 338190 batayein ya http://icici-netbanking.online/auth se app install karein. Call 18001234.,1,hi_rom,fake_customer_care,68,synthetic_seed_v1
आपको Meena से UPI के माध्यम से रु 499 प्राप्त हुए हैं। -SBI,0,hi_dev,upi_legit,89,synthetic_seed_v1
"मैं आर्मी अफसर हूं, आपका OLX सामान चाहिए। रु 1,250 QR से भेज रहा हूं, पाने के लिए स्कैन करके अप्रूव करें: http://icici-netbanking.online/auth",1,hi_dev,marketplace_qr_scam,85,synthetic_seed_v1
Yes Bank सेल लाइव है! अगली खरीद पर 999 की छूट। अभी खरीदें https://www.amazon.in,0,hi_dev,promo,38,synthetic_seed_v1
Congratulations customer! You have WON Rs 499 in the ICICI lucky draw. Claim now: https://secure-bank-login.xyz,1,en,lottery,11,synthetic_seed_v1
Aapka order delivery ke liye nikal gaya hai. Delivery agent ko OTP 705621 dein. Track: https://netbanking.hdfcbank.com,0,hi_rom,ecommerce_legit,91,synthetic_seed_v1
"बधाई हो! आप Yes Bank लकी ड्रॉ में रु 50,000 जीत गए हैं। अभी इनाम क्लेम करें: https://secure-bank-login.xyz",1,hi_dev,lottery,13,synthetic_seed_v1
338190 आपका DigiLocker लॉगिन OTP है। 10 मिनट के लिए वैध। किसी को न बताएं। https://www.amazon.in,0,hi_dev,govt_service_legit,95,synthetic_seed_v1
"अपना रु 50,000 रिफंड पाने के लिए UPI रिक्वेस्ट अप्रूव करें और UPI पिन डालें: http://bit.ly/win-cash",1,hi_dev,upi_collect_scam,65,synthetic_seed_v1
"வாழ்த்துக்கள்! நீங்கள் Axis லக்கி டிராவில் ரூ 50,000 வென்றுள்ளீர்கள். இப்போது claim செய்யவும்: http://sbi-verify.xyz/login",1,ta,lottery,14,synthetic_seed_v1
"अनुस्मारक: आपका रु 9,999 का बिजली बिल 5 तारीख को देय है। आधिकारिक ऐप से भुगतान करें https://netbanking.hdfcbank.com",0,hi_dev,bill_legit,44,synthetic_seed_v1
आपका ऑर्डर डिलीवरी के लिए निकल गया है। डिलीवरी एजेंट को OTP 991204 दें। ट्रैक करें: https://www.icicibank.com,0,hi_dev,ecommerce_legit,92,synthetic_seed_v1
"Aapke khate XXXXX8830 me Rs 1,00,000 jama hue. Available balance update ho gaya. -Paytm",0,hi_rom,txn_alert,29,synthetic_seed_v1
650017 aapka Axis login OTP hai. Ise kisi ke saath share na karein. -Axis,0,hi_rom,otp_legit,33,synthetic_seed_v1
Yaad dilaye: aapka Rs 750 ka bijli bill 5 tarikh ko due hai. Official app se bharein https://netbanking.hdfcbank.com,0,hi_rom,bill_legit,43,synthetic_seed_v1
PhonePe सेल लाइव है! अगली खरीद पर 999 की छूट। अभी खरीदें https://www.amazon.in,0,hi_dev,promo,38,synthetic_seed_v1
650017 आपके Yes Bank लॉगिन के लिए OTP है। इसे किसी के साथ साझा न करें। -Yes Bank,0,hi_dev,otp_legit,34,synthetic_seed_v1
Doctor ne appointment Monday 11 baje confirm kiya hai.,0,hi_rom,everyday_legit,103,synthetic_seed_v1
Priya PhonePe account band ho jayega! Turant KYC update karo varna account block ho jayega: http://icici-netbanking.online/auth,1,hi_rom,kyc,2,synthetic_seed_v1
Kotak सुरक्षा: अपना खाता सत्यापित करने के लिए OTP 650017 तुरंत बताएं अन्यथा खाता निष्क्रिय हो जाएगा।,1,hi_dev,otp_scam,9,synthetic_seed_v1
"உங்கள் கணக்கு XXXXX1042 இல் ரூ 2,00,000 வரவு வைக்கப்பட்டது. இருப்பு புதுப்பிக்கப்பட்டது. -PhonePe",0,ta,txn_alert,31,synthetic_seed_v1
PhonePe sale shuru! Agli kharidari par 499 ki chhoot. Abhi kharidein https://netbanking.hdfcbank.com,0,hi_rom,promo,37,synthetic_seed_v1
Your order is out for delivery and will arrive today. Track at https://netbanking.hdfcbank.com,0,en,delivery_legit,39,synthetic_seed_v1
"प्रिय ग्राहक, आपके खाते XXXXX1042 में रु 999 जमा हुए। उपलब्ध शेष अपडेट किया गया। -Axis",0,hi_dev,txn_alert,30,synthetic_seed_v1
"ரூ 9,999 மதிப்புள்ள உங்கள் ICICI வெகுமதி புள்ளிகள் இன்று காலாவதியாகின்றன. இப்போது மீட்டெடுக்கவும்: https://kyc-update.top/now",1,ta,reward_points_expiry,78,synthetic_seed_v1
"आपका पार्सल कस्टम में रुका है। 24 घंटे में रु 1,00,000 शुल्क भरें अन्यथा वापस भेज दिया जाएगा: http://paytm-kyc.link/verify",1,hi_dev,delivery_scam,20,synthetic_seed_v1
991204 aapka Yes Bank login OTP hai. Ise kisi ke saath share na karein. -Yes Bank,0,hi_rom,otp_legit,33,synthetic_seed_v1
உங்கள் கணக்கு XXXXX8830 இல் ரூ 999 வரவு வைக்கப்பட்டது. இருப்பு புதுப்பிக்கப்பட்டது. -Paytm,0,ta,txn_alert,116,synthetic_seed_v1
Your Yes Bank reward points worth Rs 499 expire TODAY. Redeem instantly here: http://icici-netbanking.online/auth,1,en,reward_points_expiry,75,synthetic_seed_v1
"आपको Rahul से UPI के माध्यम से रु 50,000 प्राप्त हुए हैं। -Yes Bank",0,hi_dev,upi_legit,89,synthetic_seed_v1
आपका रु 499 का रिफंड लंबित है। इसे पाने के लिए बैंक विवरण सत्यापित करें: https://rbi-refund.gq/form,1,hi_dev,refund,17,synthetic_seed_v1
"अनुस्मारक: आपका रु 9,999 का बिजली बिल 5 तारीख को देय है। आधिकारिक ऐप से भुगतान करें https://www.icicibank.com",0,hi_dev,bill_legit,44,synthetic_seed_v1
आपका पार्सल कस्टम में रुका है। 24 घंटे में रु 499 शुल्क भरें अन्यथा वापस भेज दिया जाएगा: https://secure-bank-login.xyz,1,hi_dev,delivery_scam,20,synthetic_seed_v1
"प्रिय उपभोक्ता, बिल अपडेट न होने के कारण आज रात आपकी बिजली काट दी जाएगी। तुरंत 1800111 पर संपर्क करें https://rbi-refund.gq/form",1,hi_dev,electricity,23,synthetic_seed_v1
"आपको customer से UPI के माध्यम से रु 2,00,000 प्राप्त हुए हैं। -Axis",0,hi_dev,upi_legit,89,synthetic_seed_v1
Aapka bijli connection aaj raat kat jayega kyunki KYC pending hai. Abhi update karein ya 1800111 par call karein: https://hdfc-rewards.click/claim,1,hi_rom,utility_kyc,80,synthetic_seed_v1
"Badhai ho! Aap ICICI lucky draw me Rs 9,999 jeet gaye hain. Abhi claim karein: http://icici-netbanking.online/auth",1,hi_rom,lottery,12,synthetic_seed_v1
बधाई! आपका रु 499 का लोन बिना दस्तावेज़ के मंज़ूर हो गया। InstaPaisa डाउनलोड करें और तुरंत पैसे पाएं: https://kyc-update.top/now,1,hi_dev,instant_loan_app,57,synthetic_seed_v1
Yes Bank सुरक्षा: अपना खाता सत्यापित करने के लिए OTP 650017 तुरंत बताएं अन्यथा खाता निष्क्रिय हो जाएगा।,1,hi_dev,otp_scam,9,synthetic_seed_v1
ICICI सुरक्षा: अपना खाता सत्यापित करने के लिए OTP 482913 तुरंत बताएं अन्यथा खाता निष्क्रिय हो जाएगा।,1,hi_dev,otp_scam,9,synthetic_seed_v1
बधाई हो! आप Paytm लकी ड्रॉ में रु 499 जीत गए हैं। अभी इनाम क्लेम करें: https://rbi-refund.gq/form,1,hi_dev,lottery,13,synthetic_seed_v1
"Dear Priya, your A/C XXXXX3917 is credited with Rs 2,00,000 on 27JUN. Avl Bal updated. -Kotak",0,en,txn_alert,27,synthetic_seed_v1
Congratulations Arjun! You have WON Rs 499 in the SBI lucky draw. Claim now: http://paytm-kyc.link/verify,1,en,lottery,11,synthetic_seed_v1
"To RECEIVE your refund of Rs 750, approve the UPI request and enter your UPI PIN now: https://secure-bank-login.xyz",1,en,upi_collect_scam,63,synthetic_seed_v1
உங்கள் KYC நிலுவையில் இருப்பதால் இன்றிரவு மின் இணைப்பு துண்டிக்கப்படும். இப்போது புதுப்பிக்கவும் அல்லது 18001234 ஐ அழைக்கவும்: https://hdfc-rewards.click/claim,1,ta,utility_kyc,82,synthetic_seed_v1
"உங்கள் ரூ 9,999 திரும்பப் பெற UPI கோரிக்கையை அங்கீகரித்து UPI பின்னை உள்ளிடவும்: http://sbi-verify.xyz/login",1,ta,upi_collect_scam,66,synthetic_seed_v1
"मैं आर्मी अफसर हूं, आपका OLX सामान चाहिए। रु 1,00,000 QR से भेज रहा हूं, पाने के लिए स्कैन करके अप्रूव करें: http://sbi-verify.xyz/login",1,hi_dev,marketplace_qr_scam,85,synthetic_seed_v1
"मैं आर्मी अफसर हूं, आपका OLX सामान चाहिए। रु 499 QR से भेज रहा हूं, पाने के लिए स्कैन करके अप्रूव करें: http://bit.ly/win-cash",1,hi_dev,marketplace_qr_scam,85,synthetic_seed_v1
"This is CBI. Your bank account is linked to a money-laundering case. You are under digital arrest. Stay on this video call and transfer Rs 50,000 to the verification account or be arrested: https://secure-bank-login.xyz",1,en,digital_arrest,50,synthetic_seed_v1
आपका कूरियर कस्टम में रुका है और इसमें प्रतिबंधित सामान है। 24 घंटे में रु 499 क्लीयरेंस भरें वरना कानूनी कार्रवाई होगी: http://paytm-kyc.link/verify,1,hi_dev,courier_parcel_scam,61,synthetic_seed_v1
482913 आपका DigiLocker लॉगिन OTP है। 10 मिनट के लिए वैध। किसी को न बताएं। https://paytm.com,0,hi_dev,govt_service_legit,95,synthetic_seed_v1
"प्रिय ग्राहक, आपका Axis खाता बंद हो जाएगा। तुरंत KYC अपडेट करें वरना खाता ब्लॉक हो जाएगा: http://icici-netbanking.online/auth",1,hi_dev,kyc,4,synthetic_seed_v1
உங்கள் KYC நிலுவையில் இருப்பதால் இன்றிரவு மின் இணைப்பு துண்டிக்கப்படும். இப்போது புதுப்பிக்கவும் அல்லது 08041234567 ஐ அழைக்கவும்: http://icici-netbanking.online/auth,1,ta,utility_kyc,82,synthetic_seed_v1
घर बैठे रोज रु 499 कमाएं! सीटें सीमित हैं। छोटी सी फीस देकर अभी रजिस्टर करें: http://sbi-verify.xyz/login,1,hi_dev,job_scam,26,synthetic_seed_v1
आपका रु 999 का रिफंड लंबित है। इसे पाने के लिए बैंक विवरण सत्यापित करें: http://icici-netbanking.online/auth,1,hi_dev,refund,17,synthetic_seed_v1
482913 is your OTP for DigiLocker login. Valid for 10 minutes. Do not share it. https://paytm.com,0,en,govt_service_legit,93,synthetic_seed_v1
"Hey customer, are we still meeting for lunch at 1pm tomorrow?",0,en,chat,45,synthetic_seed_v1
"अरे Arjun, कल दोपहर 1 बजे लंच पर मिल रहे हैं ना?",0,hi_dev,chat,48,synthetic_seed_v1
"Badhai! Aapka Rs 9,999 ka loan bina document ke approve ho gaya. QuickRupee download karein aur turant paisa payein: http://icici-netbanking.online/auth",1,hi_rom,instant_loan_app,56,synthetic_seed_v1
Happy birthday ग्राहक! Wishing you a great year ahead from all of us at the office.,0,en,everyday_legit,100,synthetic_seed_v1
"Your Paytm reward points worth Rs 9,999 expire TODAY. Redeem instantly here: http://icici-netbanking.online/auth",1,en,reward_points_expiry,75,synthetic_seed_v1
உங்கள் Kotak கணக்கு முடக்கப்படும். உடனே KYC புதுப்பிக்கவும் இல்லையெனில் கணக்கு நிரந்தரமாக மூடப்படும்: https://secure-bank-login.xyz,1,ta,kyc,112,synthetic_seed_v1
"இது Income Tax Department. உங்கள் பெயரில் பணமோசடி வழக்கு பதிவாகியுள்ளது. நீங்கள் டிஜிட்டல் கைது செய்யப்பட்டுள்ளீர்கள், வீடியோ அழைப்பை துண்டிக்காதீர்கள், ரூ 499 அனுப்பவும்: https://hdfc-rewards.click/claim",1,ta,digital_arrest,54,synthetic_seed_v1
"SBI se: account verify karne ke liye OTP 338190 abhi share karein, nahi to account band ho jayega.",1,hi_rom,otp_scam,8,synthetic_seed_v1
"இது Income Tax Department. உங்கள் பெயரில் பணமோசடி வழக்கு பதிவாகியுள்ளது. நீங்கள் டிஜிட்டல் கைது செய்யப்பட்டுள்ளீர்கள், வீடியோ அழைப்பை துண்டிக்காதீர்கள், ரூ 9,999 அனுப்பவும்: http://paytm-kyc.link/verify",1,ta,digital_arrest,54,synthetic_seed_v1
"நான் ராணுவ அதிகாரி, உங்கள் OLX பொருள் வேண்டும். ரூ 50,000 QR மூலம் அனுப்புகிறேன், பெற ஸ்கேன் செய்து அங்கீகரிக்கவும்: https://hdfc-rewards.click/claim",1,ta,marketplace_qr_scam,86,synthetic_seed_v1
Yes Bank சலுகை! இன்று எலெக்ட்ரானிக்ஸ் பொருட்களில் தள்ளுபடி. இப்போது வாங்குங்கள்: https://www.icicibank.com,0,ta,promo,118,synthetic_seed_v1
"Dear consumer, your electricity will be disconnected tonight as your bill is not updated. Call 1800111 immediately http://bit.ly/win-cash",1,en,electricity,21,synthetic_seed_v1
"உங்கள் கணக்கு XXXXX8830 இல் ரூ 50,000 வரவு வைக்கப்பட்டது. இருப்பு புதுப்பிக்கப்பட்டது. -SBI",0,ta,txn_alert,116,synthetic_seed_v1
வாழ்த்துக்கள்! நீங்கள் Axis லக்கி டிராவில் ரூ 750 வென்றுள்ளீர்கள். இப்போது claim செய்யவும்: http://bit.ly/win-cash,1,ta,lottery,114,synthetic_seed_v1
आपका बिजली कनेक्शन आज रात कट जाएगा क्योंकि KYC लंबित है। अभी अपडेट करें या 1800111 पर कॉल करें: http://sbi-verify.xyz/login,1,hi_dev,utility_kyc,81,synthetic_seed_v1
"Congratulations customer! You have WON Rs 9,999 in the Kotak lucky draw. Claim now: http://icici-netbanking.online/auth",1,en,lottery,11,synthetic_seed_v1
உங்கள் KYC நிலுவையில் இருப்பதால் இன்றிரவு மின் இணைப்பு துண்டிக்கப்படும். இப்போது புதுப்பிக்கவும் அல்லது 18001234 ஐ அழைக்கவும்: http://bit.ly/win-cash,1,ta,utility_kyc,82,synthetic_seed_v1
482913 is your OTP for DigiLocker login. Valid for 10 minutes. Do not share it. https://www.icicibank.com,0,en,govt_service_legit,93,synthetic_seed_v1
"Your refund of Rs 1,00,000 is pending. Verify your bank details to receive it: https://kyc-update.top/now",1,en,refund,15,synthetic_seed_v1
"SBI se: account verify karne ke liye OTP 991204 abhi share karein, nahi to account band ho jayega.",1,hi_rom,otp_scam,8,synthetic_seed_v1
अपना रु 499 रिफंड पाने के लिए UPI रिक्वेस्ट अप्रूव करें और UPI पिन डालें: https://rbi-refund.gq/form,1,hi_dev,upi_collect_scam,65,synthetic_seed_v1
"हमारे VIP ग्रुप में जुड़ें, 200% रिटर्न पाएं! QuickRupee में रु 499 जमा करें और 7 दिन में पैसा डबल: https://kyc-update.top/now",1,hi_dev,investment_crypto,73,synthetic_seed_v1
"प्रिय उपभोक्ता, बिल अपडेट न होने के कारण आज रात आपकी बिजली काट दी जाएगी। तुरंत 9876543210 पर संपर्क करें http://sbi-verify.xyz/login",1,hi_dev,electricity,23,synthetic_seed_v1
"Yaad dilaye: aapka Rs 2,00,000 ka bijli bill 5 tarikh ko due hai. Official app se bharein https://onlinesbi.sbi",0,hi_rom,bill_legit,43,synthetic_seed_v1
"I am an Army officer interested in your OLX item. I will send Rs 50,000 via this QR — just scan and approve to receive the money: http://paytm-kyc.link/verify",1,en,marketplace_qr_scam,83,synthetic_seed_v1
आपका रु 750 का रिफंड लंबित है। इसे पाने के लिए बैंक विवरण सत्यापित करें: https://hdfc-rewards.click/claim,1,hi_dev,refund,17,synthetic_seed_v1
"आपको customer से UPI के माध्यम से रु 9,999 प्राप्त हुए हैं। -ICICI",0,hi_dev,upi_legit,89,synthetic_seed_v1
Aapko ग्राहक se UPI ke through Rs 999 mile hain. -PhonePe,0,hi_rom,upi_legit,88,synthetic_seed_v1
"SBI sale shuru! Agli kharidari par 1,00,000 ki chhoot. Abhi kharidein https://netbanking.hdfcbank.com",0,hi_rom,promo,37,synthetic_seed_v1
आपका पार्सल कस्टम में रुका है। 24 घंटे में रु 750 शुल्क भरें अन्यथा वापस भेज दिया जाएगा: https://secure-bank-login.xyz,1,hi_dev,delivery_scam,20,synthetic_seed_v1
आपका बिजली कनेक्शन आज रात कट जाएगा क्योंकि KYC लंबित है। अभी अपडेट करें या 9876543210 पर कॉल करें: https://rbi-refund.gq/form,1,hi_dev,utility_kyc,81,synthetic_seed_v1
"प्रिय ग्राहक, आपके खाते XXXXX7766 में रु 1,00,000 जमा हुए। उपलब्ध शेष अपडेट किया गया। -Paytm",0,hi_dev,txn_alert,30,synthetic_seed_v1
Aapka Rs 750 ka refund pending hai. Paane ke liye bank details verify karein: https://kyc-update.top/now,1,hi_rom,refund,16,synthetic_seed_v1
"प्रिय उपभोक्ता, बिल अपडेट न होने के कारण आज रात आपकी बिजली काट दी जाएगी। तुरंत 18001234 पर संपर्क करें http://paytm-kyc.link/verify",1,hi_dev,electricity,23,synthetic_seed_v1
आपका ऑर्डर डिलीवरी के लिए निकल गया है। डिलीवरी एजेंट को OTP 650017 दें। ट्रैक करें: https://netbanking.hdfcbank.com,0,hi_dev,ecommerce_legit,92,synthetic_seed_v1
"ரூ 9,999 மதிப்புள்ள உங்கள் Yes Bank வெகுமதி புள்ளிகள் இன்று காலாவதியாகின்றன. இப்போது மீட்டெடுக்கவும்: https://secure-bank-login.xyz",1,ta,reward_points_expiry,78,synthetic_seed_v1
உங்கள் ரூ 499 திரும்பப் பணம் நிலுவையில் உள்ளது. பெற வங்கி விவரங்களை சரிபார்க்கவும்: http://bit.ly/win-cash,1,ta,refund,115,synthetic_seed_v1
338190 உங்கள் Yes Bank உள்நுழைவுக்கான OTP. யாருடனும் பகிர வேண்டாம். -Yes Bank,0,ta,otp_legit,117,synthetic_seed_v1
घर बैठे रोज रु 999 कमाएं! सीटें सीमित हैं। छोटी सी फीस देकर अभी रजिस्टर करें: https://kyc-update.top/now,1,hi_dev,job_scam,26,synthetic_seed_v1
"यह Cyber Crime Branch है। आपके खाते पर मनी लॉन्ड्रिंग का मामला दर्ज है। आप डिजिटल अरेस्ट में हैं, वीडियो कॉल न काटें और रु 50,000 वेरिफिकेशन खाते में भेजें: https://hdfc-rewards.click/claim",1,hi_dev,digital_arrest,53,synthetic_seed_v1
"Join our VIP group and earn 200% returns! Deposit Rs 50,000 in QuickRupee and double your money in 7 days: http://sbi-verify.xyz/login",1,en,investment_crypto,71,synthetic_seed_v1
"நான் ராணுவ அதிகாரி, உங்கள் OLX பொருள் வேண்டும். ரூ 1,00,000 QR மூலம் அனுப்புகிறேன், பெற ஸ்கேன் செய்து அங்கீகரிக்கவும்: https://hdfc-rewards.click/claim",1,ta,marketplace_qr_scam,86,synthetic_seed_v1
உங்கள் KYC நிலுவையில் இருப்பதால் இன்றிரவு மின் இணைப்பு துண்டிக்கப்படும். இப்போது புதுப்பிக்கவும் அல்லது 1800111 ஐ அழைக்கவும்: https://secure-bank-login.xyz,1,ta,utility_kyc,82,synthetic_seed_v1
"Main Army officer hoon, aapka OLX saman chahiye. Rs 1,00,000 QR se bhej raha hoon, receive karne ke liye scan karke approve karein: http://icici-netbanking.online/auth",1,hi_rom,marketplace_qr_scam,84,synthetic_seed_v1
"Dear consumer, your electricity will be disconnected tonight as your bill is not updated. Call 9876543210 immediately http://bit.ly/win-cash",1,en,electricity,21,synthetic_seed_v1
"Aapka Rs 50,000 ka refund pending hai. Paane ke liye bank details verify karein: http://icici-netbanking.online/auth",1,hi_rom,refund,16,synthetic_seed_v1
"Cyber Crime Branch se baat kar rahe hain. Aapke naam par money laundering ka case hai. Aap digital arrest me hain, video call mat kaatiye aur Rs 750 verification account me bhejiye: https://secure-bank-login.xyz",1,hi_rom,digital_arrest,52,synthetic_seed_v1
"Rahul, நாளை காலை 10 மணிக்கு கூட்டம் உள்ளது, சரியான நேரத்தில் வாருங்கள்.",0,ta,everyday_legit,109,synthetic_seed_v1
"Aapka courier customs me ruka hai, isme banned saman hai. 24 ghante me Rs 750 clearance bhare warna legal action hoga: https://secure-bank-login.xyz",1,hi_rom,courier_parcel_scam,60,synthetic_seed_v1
"Work from home and earn Rs 2,00,000 daily! Limited seats. Register now with a small fee: http://icici-netbanking.online/auth",1,en,job_scam,24,synthetic_seed_v1
Aapka bijli connection aaj raat kat jayega kyunki KYC pending hai. Abhi update karein ya 08041234567 par call karein: http://paytm-kyc.link/verify,1,hi_rom,utility_kyc,80,synthetic_seed_v1
"ஹாய் Arjun, நாளை மதியம் ஒன்றாக சந்திக்கலாமா?",0,ta,chat,119,synthetic_seed_v1
"Congratulations Priya! You have WON Rs 1,250 in the PhonePe lucky draw. Claim now: https://secure-bank-login.xyz",1,en,lottery,11,synthetic_seed_v1
Aapka bijli connection aaj raat kat jayega kyunki KYC pending hai. Abhi update karein ya 18001234 par call karein: http://paytm-kyc.link/verify,1,hi_rom,utility_kyc,80,synthetic_seed_v1
आपका पार्सल कस्टम में रुका है। 24 घंटे में रु 499 शुल्क भरें अन्यथा वापस भेज दिया जाएगा: https://kyc-update.top/now,1,hi_dev,delivery_scam,20,synthetic_seed_v1
"Hi, your appointment with Dr. ग्राहक is confirmed for Monday 11 AM at the clinic.",0,en,everyday_legit,96,synthetic_seed_v1
991204 is your OTP for DigiLocker login. Valid for 10 minutes. Do not share it. https://paytm.com,0,en,govt_service_legit,93,synthetic_seed_v1
991204 உங்கள் Axis உள்நுழைவுக்கான OTP. யாருடனும் பகிர வேண்டாம். -Axis,0,ta,otp_legit,35,synthetic_seed_v1
"Dear customer, your Kotak account is suspended. Complete KYC immediately or your account will be blocked: http://paytm-kyc.link/verify",1,en,kyc,0,synthetic_seed_v1
Aapka bijli connection aaj raat kat jayega kyunki KYC pending hai. Abhi update karein ya 18001234 par call karein: https://kyc-update.top/now,1,hi_rom,utility_kyc,80,synthetic_seed_v1
Badhai ho! Aap Yes Bank lucky draw me Rs 750 jeet gaye hain. Abhi claim karein: https://kyc-update.top/now,1,hi_rom,lottery,12,synthetic_seed_v1
"PhonePe பாதுகாப்பு எச்சரிக்கை: உங்கள் கணக்கை சரிபார்க்க OTP 650017 ஐ பகிரவும், இல்லையெனில் முடக்கப்படும்.",1,ta,otp_scam,10,synthetic_seed_v1
Aaj shaam ghar pe dinner pe aa rahe ho na?,0,hi_rom,everyday_legit,102,synthetic_seed_v1
"Badhai ho! Aap Axis lucky draw me Rs 1,00,000 jeet gaye hain. Abhi claim karein: http://sbi-verify.xyz/login",1,hi_rom,lottery,12,synthetic_seed_v1
"Priya, நாளை காலை 10 மணிக்கு கூட்டம் உள்ளது, சரியான நேரத்தில் வாருங்கள்.",0,ta,everyday_legit,109,synthetic_seed_v1
Aapka order aaj deliver hoga. Yaha track karein https://paytm.com,0,hi_rom,delivery_legit,40,synthetic_seed_v1
"வாழ்த்துக்கள்! ஆவணம் இல்லாமல் ரூ 2,00,000 கடன் முன்அனுமதி பெற்றது. InstaPaisa பதிவிறக்கம் செய்து உடனே பணம் பெறுங்கள்: https://secure-bank-login.xyz",1,ta,instant_loan_app,58,synthetic_seed_v1
"PhonePe support here. We noticed a failed transaction. To reverse it, share the OTP 991204 or install our app from http://icici-netbanking.online/auth. Call 18001234.",1,en,fake_customer_care,67,synthetic_seed_v1
"ரூ 1,00,000 மதிப்புள்ள உங்கள் HDFC வெகுமதி புள்ளிகள் இன்று காலாவதியாகின்றன. இப்போது மீட்டெடுக்கவும்: http://sbi-verify.xyz/login",1,ta,reward_points_expiry,78,synthetic_seed_v1
Aaj raat aapki bijli kaat di jayegi kyunki bill update nahi hua. Turant 1800111 par call karein https://secure-bank-login.xyz,1,hi_rom,electricity,22,synthetic_seed_v1
"Yaad dilaye: aapka Rs 1,250 ka bijli bill 5 tarikh ko due hai. Official app se bharein https://www.amazon.in",0,hi_rom,bill_legit,43,synthetic_seed_v1
"प्रिय ग्राहक, आपके खाते XXXXX1042 में रु 1,00,000 जमा हुए। उपलब्ध शेष अपडेट किया गया। -Axis",0,hi_dev,txn_alert,30,synthetic_seed_v1
Aapka order delivery ke liye nikal gaya hai. Delivery agent ko OTP 482913 dein. Track: https://www.icicibank.com,0,hi_rom,ecommerce_legit,91,synthetic_seed_v1
जरूरी सूचना: आपका ICICI खाता XXXXX0571 केवाईसी अधूरी होने के कारण बंद किया जा रहा है। अभी सत्यापित करें http://icici-netbanking.online/auth,1,hi_dev,kyc,5,synthetic_seed_v1
Aapke PhonePe reward points jinki value Rs 750 hai aaj expire ho rahe hain. Abhi redeem karein: http://sbi-verify.xyz/login,1,hi_rom,reward_points_expiry,76,synthetic_seed_v1
You have received Rs 499 from customer via UPI. -HDFC,0,en,upi_legit,87,synthetic_seed_v1
"हमारे VIP ग्रुप में जुड़ें, 200% रिटर्न पाएं! InstaPaisa में रु 750 जमा करें और 7 दिन में पैसा डबल: https://kyc-update.top/now",1,hi_dev,investment_crypto,73,synthetic_seed_v1
உங்கள் பார்சல் சுங்கத்தில் தடைசெய்யப்பட்ட பொருட்களுடன் நிறுத்தப்பட்டுள்ளது. 24 மணி நேரத்தில் ரூ 750 செலுத்தவும் இல்லையெனில் சட்ட நடவடிக்கை: http://bit.ly/win-cash,1,ta,courier_parcel_scam,62,synthetic_seed_v1
Aapke HDFC reward points jinki value Rs 499 hai aaj expire ho rahe hain. Abhi redeem karein: http://paytm-kyc.link/verify,1,hi_rom,reward_points_expiry,76,synthetic_seed_v1
URGENT: Yes Bank A/C XXXXX1042 blocked due to incomplete KYC. Update now to avoid permanent closure http://sbi-verify.xyz/login,1,en,kyc,1,synthetic_seed_v1
Axis सुरक्षा: अपना खाता सत्यापित करने के लिए OTP 991204 तुरंत बताएं अन्यथा खाता निष्क्रिय हो जाएगा।,1,hi_dev,otp_scam,9,synthetic_seed_v1
"घर बैठे रोज रु 1,00,000 कमाएं! सीटें सीमित हैं। छोटी सी फीस देकर अभी रजिस्टर करें: http://paytm-kyc.link/verify",1,hi_dev,job_scam,26,synthetic_seed_v1
"ரூ 1,250 மதிப்புள்ள உங்கள் Paytm வெகுமதி புள்ளிகள் இன்று காலாவதியாகின்றன. இப்போது மீட்டெடுக்கவும்: https://rbi-refund.gq/form",1,ta,reward_points_expiry,78,synthetic_seed_v1
Your electricity connection will be disconnected tonight as your KYC is pending. Update now or call 08041234567: https://kyc-update.top/now,1,en,utility_kyc,79,synthetic_seed_v1
உங்கள் SBI கணக்கு முடக்கப்படும்! உடனடியாக KYC புதுப்பிக்கவும் இல்லையெனில் கணக்கு நிரந்தரமாக மூடப்படும்: https://hdfc-rewards.click/claim,1,ta,kyc,6,synthetic_seed_v1
உங்கள் SBI கணக்கு முடக்கப்படும்! உடனடியாக KYC புதுப்பிக்கவும் இல்லையெனில் கணக்கு நிரந்தரமாக மூடப்படும்: https://secure-bank-login.xyz,1,ta,kyc,6,synthetic_seed_v1
"Aapka courier customs me ruka hai, isme banned saman hai. 24 ghante me Rs 750 clearance bhare warna legal action hoga: https://hdfc-rewards.click/claim",1,hi_rom,courier_parcel_scam,60,synthetic_seed_v1
"यह TRAI है। आपके खाते पर मनी लॉन्ड्रिंग का मामला दर्ज है। आप डिजिटल अरेस्ट में हैं, वीडियो कॉल न काटें और रु 1,00,000 वेरिफिकेशन खाते में भेजें: http://paytm-kyc.link/verify",1,hi_dev,digital_arrest,53,synthetic_seed_v1
PhonePe ஆதரவு. உங்கள் பரிவர்த்தனை தோல்வியடைந்தது. மாற்ற OTP 650017 பகிரவும் அல்லது http://bit.ly/win-cash இல் இருந்து செயலியை நிறுவவும். 08041234567 ஐ அழைக்கவும்.,1,ta,fake_customer_care,70,synthetic_seed_v1
Ghar baithe Rs 750 roz kamayein! Seats limited hain. Choti si fees ke saath register karein: https://secure-bank-login.xyz,1,hi_rom,job_scam,25,synthetic_seed_v1
ICICI सपोर्ट से। आपका लेनदेन विफल हुआ है। इसे वापस करने के लिए OTP 650017 बताएं या http://sbi-verify.xyz/login से ऐप इंस्टॉल करें। कॉल 18001234।,1,hi_dev,fake_customer_care,69,synthetic_seed_v1
Aapka bijli connection aaj raat kat jayega kyunki KYC pending hai. Abhi update karein ya 18001234 par call karein: http://sbi-verify.xyz/login,1,hi_rom,utility_kyc,80,synthetic_seed_v1
"This is CBI. Your bank account is linked to a money-laundering case. You are under digital arrest. Stay on this video call and transfer Rs 1,250 to the verification account or be arrested: https://rbi-refund.gq/form",1,en,digital_arrest,50,synthetic_seed_v1
Reminder: PTA meeting for class 6B is tomorrow at 10 AM in the school hall.,0,en,everyday_legit,98,synthetic_seed_v1
"Cyber Crime Branch notice: a parcel with illegal items was seized in your name. Call 08041234567 immediately and do NOT disconnect. Pay Rs 2,00,000 for case clearance: https://rbi-refund.gq/form",1,en,digital_arrest,51,synthetic_seed_v1
Aaj raat aapki bijli kaat di jayegi kyunki bill update nahi hua. Turant 9876543210 par call karein https://rbi-refund.gq/form,1,hi_rom,electricity,22,synthetic_seed_v1
Priya Yes Bank account band ho jayega! Turant KYC update karo varna account block ho jayega: https://rbi-refund.gq/form,1,hi_rom,kyc,2,synthetic_seed_v1
Your order is out for delivery. Share OTP 650017 with the delivery agent to receive it. Track: https://www.amazon.in,0,en,ecommerce_legit,90,synthetic_seed_v1
Priya HDFC account band ho jayega! Turant KYC update karo varna account block ho jayega: https://rbi-refund.gq/form,1,hi_rom,kyc,2,synthetic_seed_v1
PhonePe பாதுகாப்பு: உங்கள் கணக்கை சரிபார்க்க OTP 991204 ஐ உடனே பகிரவும் இல்லையெனில் முடக்கப்படும்.,1,ta,otp_scam,113,synthetic_seed_v1
घर बैठे रोज रु 999 कमाएं! सीटें सीमित हैं। छोटी सी फीस देकर अभी रजिस्टर करें: http://bit.ly/win-cash,1,hi_dev,job_scam,26,synthetic_seed_v1
"बधाई! आपका रु 1,00,000 का लोन बिना दस्तावेज़ के मंज़ूर हो गया। InstaPaisa डाउनलोड करें और तुरंत पैसे पाएं: http://icici-netbanking.online/auth",1,hi_dev,instant_loan_app,57,synthetic_seed_v1
"ஹாய் customer, நாளை மதியம் 1 மணிக்கு சந்திக்கலாமா?",0,ta,chat,49,synthetic_seed_v1
"இது TRAI. உங்கள் பெயரில் பணமோசடி வழக்கு பதிவாகியுள்ளது. நீங்கள் டிஜிட்டல் கைது செய்யப்பட்டுள்ளீர்கள், வீடியோ அழைப்பை துண்டிக்காதீர்கள், ரூ 50,000 அனுப்பவும்: http://sbi-verify.xyz/login",1,ta,digital_arrest,54,synthetic_seed_v1
Badhai! Aapka Rs 750 ka loan bina document ke approve ho gaya. RupeeFast download karein aur turant paisa payein: https://rbi-refund.gq/form,1,hi_rom,instant_loan_app,56,synthetic_seed_v1
"Kotak security alert: share the OTP 991204 sent to your phone to verify your account, else it will be deactivated.",1,en,otp_scam,7,synthetic_seed_v1
Congrats! Your loan of Rs 750 is pre-approved with zero documents. Download TradeMax and get instant cash: http://sbi-verify.xyz/login,1,en,instant_loan_app,55,synthetic_seed_v1
உங்கள் Yes Bank கணக்கு முடக்கப்படும். உடனே KYC புதுப்பிக்கவும் இல்லையெனில் கணக்கு நிரந்தரமாக மூடப்படும்: https://rbi-refund.gq/form,1,ta,kyc,112,synthetic_seed_v1
"Dear Suresh, your A/C XXXXX1042 is credited with Rs 50,000 on 27JUN. Avl Bal updated. -Paytm",0,en,txn_alert,27,synthetic_seed_v1
"Aapko Arjun se UPI ke through Rs 1,00,000 mile hain. -HDFC",0,hi_rom,upi_legit,88,synthetic_seed_v1
Customs Department notice: a parcel with illegal items was seized in your name. Call 9876543210 immediately and do NOT disconnect. Pay Rs 499 for case clearance: https://kyc-update.top/now,1,en,digital_arrest,51,synthetic_seed_v1
बधाई हो! आप PhonePe लकी ड्रॉ में रु 750 जीत गए हैं। अभी इनाम क्लेम करें: https://secure-bank-login.xyz,1,hi_dev,lottery,13,synthetic_seed_v1
Happy birthday Rahul! Wishing you a great year ahead from all of us at the office.,0,en,everyday_legit,100,synthetic_seed_v1
Aapka Rs 499 ka refund pending hai. Paane ke liye bank details verify karein: https://hdfc-rewards.click/claim,1,hi_rom,refund,16,synthetic_seed_v1
URGENT: HDFC A/C XXXXX1042 blocked due to incomplete KYC. Update now to avoid permanent closure https://secure-bank-login.xyz,1,en,kyc,1,synthetic_seed_v1
ICICI ஆதரவு. உங்கள் பரிவர்த்தனை தோல்வியடைந்தது. மாற்ற OTP 338190 பகிரவும் அல்லது https://rbi-refund.gq/form இல் இருந்து செயலியை நிறுவவும். 9876543210 ஐ அழைக்கவும்.,1,ta,fake_customer_care,70,synthetic_seed_v1
"உங்கள் கணக்கு XXXXX8830 இல் ரூ 2,00,000 வரவு வைக்கப்பட்டது. இருப்பு புதுப்பிக்கப்பட்டது. -PhonePe",0,ta,txn_alert,31,synthetic_seed_v1
"अनुस्मारक: आपका रु 1,00,000 का बिजली बिल 5 तारीख को देय है। आधिकारिक ऐप से भुगतान करें https://onlinesbi.sbi",0,hi_dev,bill_legit,44,synthetic_seed_v1
Your SBI reward points worth Rs 750 expire TODAY. Redeem instantly here: http://paytm-kyc.link/verify,1,en,reward_points_expiry,75,synthetic_seed_v1
आपका कूरियर कस्टम में रुका है और इसमें प्रतिबंधित सामान है। 24 घंटे में रु 499 क्लीयरेंस भरें वरना कानूनी कार्रवाई होगी: http://bit.ly/win-cash,1,hi_dev,courier_parcel_scam,61,synthetic_seed_v1
Paytm sale shuru! Agli kharidari par 750 ki chhoot. Abhi kharidein https://netbanking.hdfcbank.com,0,hi_rom,promo,37,synthetic_seed_v1
Aapka order delivery ke liye nikal gaya hai. Delivery agent ko OTP 338190 dein. Track: https://www.icicibank.com,0,hi_rom,ecommerce_legit,91,synthetic_seed_v1
Aapka Kotak khata XXXXX1042 suspend kar diya gaya hai. Abhi KYC complete karein: http://paytm-kyc.link/verify,1,hi_rom,kyc,3,synthetic_seed_v1
Aapka Rs 999 ka refund pending hai. Paane ke liye bank details verify karein: http://bit.ly/win-cash,1,hi_rom,refund,16,synthetic_seed_v1
"आपको Arjun से UPI के माध्यम से रु 1,00,000 प्राप्त हुए हैं। -SBI",0,hi_dev,upi_legit,89,synthetic_seed_v1
Customs Department notice: a parcel with illegal items was seized in your name. Call 08041234567 immediately and do NOT disconnect. Pay Rs 499 for case clearance: http://bit.ly/win-cash,1,en,digital_arrest,51,synthetic_seed_v1
Priya Yes Bank account band ho jayega! Turant KYC update karo varna account block ho jayega: http://icici-netbanking.online/auth,1,hi_rom,kyc,2,synthetic_seed_v1
आपका ऑर्डर डिलीवरी के लिए निकल गया है। डिलीवरी एजेंट को OTP 991204 दें। ट्रैक करें: https://onlinesbi.sbi,0,hi_dev,ecommerce_legit,92,synthetic_seed_v1
"Hamare VIP group me judein, 200% return paayein! LoanKamao me Rs 50,000 jama karein aur 7 din me paisa double: https://secure-bank-login.xyz",1,hi_rom,investment_crypto,72,synthetic_seed_v1
जरूरी सूचना: आपका PhonePe खाता XXXXX0571 केवाईसी अधूरी होने के कारण बंद किया जा रहा है। अभी सत्यापित करें https://secure-bank-login.xyz,1,hi_dev,kyc,5,synthetic_seed_v1
"SBI பாதுகாப்பு எச்சரிக்கை: உங்கள் கணக்கை சரிபார்க்க OTP 482913 ஐ பகிரவும், இல்லையெனில் முடக்கப்படும்.",1,ta,otp_scam,10,synthetic_seed_v1
Badhai ho! Aap HDFC lucky draw me Rs 999 jeet gaye hain. Abhi claim karein: http://icici-netbanking.online/auth,1,hi_rom,lottery,12,synthetic_seed_v1
"Aapke khate XXXXX3917 me Rs 1,00,000 jama hue. Available balance update ho gaya. -SBI",0,hi_rom,txn_alert,29,synthetic_seed_v1
"நான் ராணுவ அதிகாரி, உங்கள் OLX பொருள் வேண்டும். ரூ 50,000 QR மூலம் அனுப்புகிறேன், பெற ஸ்கேன் செய்து அங்கீகரிக்கவும்: https://kyc-update.top/now",1,ta,marketplace_qr_scam,86,synthetic_seed_v1
Your electricity connection will be disconnected tonight as your KYC is pending. Update now or call 9876543210: http://sbi-verify.xyz/login,1,en,utility_kyc,79,synthetic_seed_v1
650017 உங்கள் Yes Bank உள்நுழைவுக்கான OTP. யாருடனும் பகிர வேண்டாம். -Yes Bank,0,ta,otp_legit,117,synthetic_seed_v1
"Aapko Arjun se UPI ke through Rs 9,999 mile hain. -Yes Bank",0,hi_rom,upi_legit,88,synthetic_seed_v1
"Dear Arjun, your SBI account is suspended. Complete KYC immediately or your account will be blocked: http://icici-netbanking.online/auth",1,en,kyc,0,synthetic_seed_v1
HDFC பாதுகாப்பு: உங்கள் கணக்கை சரிபார்க்க OTP 650017 ஐ உடனே பகிரவும் இல்லையெனில் முடக்கப்படும்.,1,ta,otp_scam,113,synthetic_seed_v1
Join our VIP group and earn 200% returns! Deposit Rs 999 in QuickRupee and double your money in 7 days: https://rbi-refund.gq/form,1,en,investment_crypto,71,synthetic_seed_v1
Paytm सपोर्ट से। आपका लेनदेन विफल हुआ है। इसे वापस करने के लिए OTP 650017 बताएं या http://sbi-verify.xyz/login से ऐप इंस्टॉल करें। कॉल 9876543210।,1,hi_dev,fake_customer_care,69,synthetic_seed_v1
"प्रिय ग्राहक, आपके खाते XXXXX7766 में रु 999 जमा हुए। उपलब्ध शेष अपडेट किया गया। -ICICI",0,hi_dev,txn_alert,30,synthetic_seed_v1
"अनुस्मारक: आपका रु 9,999 का बिजली बिल 5 तारीख को देय है। आधिकारिक ऐप से भुगतान करें https://onlinesbi.sbi",0,hi_dev,bill_legit,44,synthetic_seed_v1
"ICICI security alert: share the OTP 338190 sent to your phone to verify your account, else it will be deactivated.",1,en,otp_scam,7,synthetic_seed_v1
आपका पार्सल कस्टम में रुका है। 24 घंटे में रु 750 शुल्क भरें अन्यथा वापस भेज दिया जाएगा: http://bit.ly/win-cash,1,hi_dev,delivery_scam,20,synthetic_seed_v1
482913 aapka HDFC login OTP hai. Ise kisi ke saath share na karein. -HDFC,0,hi_rom,otp_legit,33,synthetic_seed_v1
"Paytm support here. We noticed a failed transaction. To reverse it, share the OTP 991204 or install our app from http://paytm-kyc.link/verify. Call 18001234.",1,en,fake_customer_care,67,synthetic_seed_v1
உங்கள் ரூ 750 திரும்பப் பெற UPI கோரிக்கையை அங்கீகரித்து UPI பின்னை உள்ளிடவும்: https://rbi-refund.gq/form,1,ta,upi_collect_scam,66,synthetic_seed_v1
உங்கள் KYC நிலுவையில் இருப்பதால் இன்றிரவு மின் இணைப்பு துண்டிக்கப்படும். இப்போது புதுப்பிக்கவும் அல்லது 08041234567 ஐ அழைக்கவும்: http://paytm-kyc.link/verify,1,ta,utility_kyc,82,synthetic_seed_v1
"अपना रु 50,000 रिफंड पाने के लिए UPI रिक्वेस्ट अप्रूव करें और UPI पिन डालें: http://icici-netbanking.online/auth",1,hi_dev,upi_collect_scam,65,synthetic_seed_v1
बधाई! आपका रु 499 का लोन बिना दस्तावेज़ के मंज़ूर हो गया। TradeMax डाउनलोड करें और तुरंत पैसे पाएं: http://icici-netbanking.online/auth,1,hi_dev,instant_loan_app,57,synthetic_seed_v1
482913 is your OTP for ICICI login. Do NOT share it with anyone. -ICICI,0,en,otp_legit,32,synthetic_seed_v1
"Join our VIP group and earn 200% returns! Deposit Rs 2,00,000 in TradeMax and double your money in 7 days: https://secure-bank-login.xyz",1,en,investment_crypto,71,synthetic_seed_v1
"Apna Rs 2,00,000 refund paane ke liye UPI request approve karein aur UPI PIN daalein: https://secure-bank-login.xyz",1,hi_rom,upi_collect_scam,64,synthetic_seed_v1
Aapka Paytm khata XXXXX7766 suspend kar diya gaya hai. Abhi KYC complete karein: https://secure-bank-login.xyz,1,hi_rom,kyc,3,synthetic_seed_v1
338190 आपके Axis लॉगिन के लिए OTP है। इसे किसी के साथ साझा न करें। -Axis,0,hi_dev,otp_legit,34,synthetic_seed_v1
Your refund of Rs 499 is pending. Verify your bank details to receive it: https://secure-bank-login.xyz,1,en,refund,15,synthetic_seed_v1
"Main Army officer hoon, aapka OLX saman chahiye. Rs 750 QR se bhej raha hoon, receive karne ke liye scan karke approve karein: http://paytm-kyc.link/verify",1,hi_rom,marketplace_qr_scam,84,synthetic_seed_v1
Your order is out for delivery. Share OTP 338190 with the delivery agent to receive it. Track: https://onlinesbi.sbi,0,en,ecommerce_legit,90,synthetic_seed_v1
Aaj raat aapki bijli kaat di jayegi kyunki bill update nahi hua. Turant 9876543210 par call karein http://sbi-verify.xyz/login,1,hi_rom,electricity,22,synthetic_seed_v1
"प्रिय ग्राहक, आपका Axis खाता बंद हो जाएगा। तुरंत KYC अपडेट करें वरना खाता ब्लॉक हो जाएगा: https://rbi-refund.gq/form",1,hi_dev,kyc,4,synthetic_seed_v1
Work from home and earn Rs 750 daily! Limited seats. Register now with a small fee: https://hdfc-rewards.click/claim,1,en,job_scam,24,synthetic_seed_v1
"You have received Rs 1,250 from customer via UPI. -Axis",0,en,upi_legit,87,synthetic_seed_v1
"You have received Rs 1,250 from Priya via UPI. -Kotak",0,en,upi_legit,87,synthetic_seed_v1
"உங்கள் பார்சல் சுங்கத்தில் தடைசெய்யப்பட்ட பொருட்களுடன் நிறுத்தப்பட்டுள்ளது. 24 மணி நேரத்தில் ரூ 1,250 செலுத்தவும் இல்லையெனில் சட்ட நடவடிக்கை: http://sbi-verify.xyz/login",1,ta,courier_parcel_scam,62,synthetic_seed_v1
"यह CBI है। आपके खाते पर मनी लॉन्ड्रिंग का मामला दर्ज है। आप डिजिटल अरेस्ट में हैं, वीडियो कॉल न काटें और रु 2,00,000 वेरिफिकेशन खाते में भेजें: https://hdfc-rewards.click/claim",1,hi_dev,digital_arrest,53,synthetic_seed_v1
705621 உங்கள் PhonePe உள்நுழைவுக்கான OTP. யாருடனும் பகிர வேண்டாம். -PhonePe,0,ta,otp_legit,117,synthetic_seed_v1
"உங்கள் கணக்கு XXXXX0571 இல் ரூ 9,999 வரவு வைக்கப்பட்டது. இருப்பு புதுப்பிக்கப்பட்டது. -SBI",0,ta,txn_alert,116,synthetic_seed_v1
Aaj raat aapki bijli kaat di jayegi kyunki bill update nahi hua. Turant 9876543210 par call karein http://bit.ly/win-cash,1,hi_rom,electricity,22,synthetic_seed_v1
"Congratulations ग्राहक! You have WON Rs 1,250 in the Paytm lucky draw. Claim now: http://sbi-verify.xyz/login",1,en,lottery,11,synthetic_seed_v1
Aapka Axis khata XXXXX3917 suspend kar diya gaya hai. Abhi KYC complete karein: https://rbi-refund.gq/form,1,hi_rom,kyc,3,synthetic_seed_v1
PhonePe ஆதரவு. உங்கள் பரிவர்த்தனை தோல்வியடைந்தது. மாற்ற OTP 705621 பகிரவும் அல்லது http://paytm-kyc.link/verify இல் இருந்து செயலியை நிறுவவும். 9876543210 ஐ அழைக்கவும்.,1,ta,fake_customer_care,70,synthetic_seed_v1
650017 உங்கள் SBI உள்நுழைவுக்கான OTP. யாருடனும் பகிர வேண்டாம். -SBI,0,ta,otp_legit,117,synthetic_seed_v1
உங்கள் HDFC கணக்கு முடக்கப்படும்! உடனடியாக KYC புதுப்பிக்கவும் இல்லையெனில் கணக்கு நிரந்தரமாக மூடப்படும்: http://bit.ly/win-cash,1,ta,kyc,6,synthetic_seed_v1
आपके SBI रिवॉर्ड पॉइंट्स जिनकी कीमत रु 999 है आज समाप्त हो रहे हैं। अभी रिडीम करें: https://rbi-refund.gq/form,1,hi_dev,reward_points_expiry,77,synthetic_seed_v1
Join our VIP group and earn 200% returns! Deposit Rs 999 in TradeMax and double your money in 7 days: http://sbi-verify.xyz/login,1,en,investment_crypto,71,synthetic_seed_v1
"प्रिय ग्राहक, आपका PhonePe खाता बंद हो जाएगा। तुरंत KYC अपडेट करें वरना खाता ब्लॉक हो जाएगा: https://hdfc-rewards.click/claim",1,hi_dev,kyc,4,synthetic_seed_v1
"உங்கள் ரூ 50,000 திரும்பப் பெற UPI கோரிக்கையை அங்கீகரித்து UPI பின்னை உள்ளிடவும்: http://sbi-verify.xyz/login",1,ta,upi_collect_scam,66,synthetic_seed_v1
991204 is your OTP for SBI login. Do NOT share it with anyone. -SBI,0,en,otp_legit,32,synthetic_seed_v1
जरूरी सूचना: आपका ICICI खाता XXXXX0571 केवाईसी अधूरी होने के कारण बंद किया जा रहा है। अभी सत्यापित करें http://sbi-verify.xyz/login,1,hi_dev,kyc,5,synthetic_seed_v1
"बधाई हो! आप Axis लकी ड्रॉ में रु 50,000 जीत गए हैं। अभी इनाम क्लेम करें: https://kyc-update.top/now",1,hi_dev,lottery,13,synthetic_seed_v1
Your order is out for delivery. Share OTP 705621 with the delivery agent to receive it. Track: https://netbanking.hdfcbank.com,0,en,ecommerce_legit,90,synthetic_seed_v1
"I am an Army officer interested in your OLX item. I will send Rs 50,000 via this QR — just scan and approve to receive the money: https://hdfc-rewards.click/claim",1,en,marketplace_qr_scam,83,synthetic_seed_v1
"ICICI support here. We noticed a failed transaction. To reverse it, share the OTP 705621 or install our app from https://secure-bank-login.xyz. Call 18001234.",1,en,fake_customer_care,67,synthetic_seed_v1
ரூ 750 மதிப்புள்ள உங்கள் SBI வெகுமதி புள்ளிகள் இன்று காலாவதியாகின்றன. இப்போது மீட்டெடுக்கவும்: http://bit.ly/win-cash,1,ta,reward_points_expiry,78,synthetic_seed_v1
"Aapka Rs 50,000 ka refund pending hai. Paane ke liye bank details verify karein: https://kyc-update.top/now",1,hi_rom,refund,16,synthetic_seed_v1
991204 is your OTP for DigiLocker login. Valid for 10 minutes. Do not share it. https://www.icicibank.com,0,en,govt_service_legit,93,synthetic_seed_v1
உங்கள் KYC நிலுவையில் இருப்பதால் இன்றிரவு மின் இணைப்பு துண்டிக்கப்படும். இப்போது புதுப்பிக்கவும் அல்லது 18001234 ஐ அழைக்கவும்: https://kyc-update.top/now,1,ta,utility_kyc,82,synthetic_seed_v1
HDFC सुरक्षा: अपना खाता सत्यापित करने के लिए OTP 338190 तुरंत बताएं अन्यथा खाता निष्क्रिय हो जाएगा।,1,hi_dev,otp_scam,9,synthetic_seed_v1
338190 आपके PhonePe लॉगिन के लिए OTP है। इसे किसी के साथ साझा न करें। -PhonePe,0,hi_dev,otp_legit,34,synthetic_seed_v1
"ICICI பாதுகாப்பு எச்சரிக்கை: உங்கள் கணக்கை சரிபார்க்க OTP 705621 ஐ பகிரவும், இல்லையெனில் முடக்கப்படும்.",1,ta,otp_scam,10,synthetic_seed_v1
Rs 750 debited from A/C XXXXX1042 for UPI payment. Not you? Call 1800111. -Yes Bank,0,en,txn_alert,28,synthetic_seed_v1
705621 aapka DigiLocker login OTP hai. 10 minute valid. Kisi ko na batayein. https://paytm.com,0,hi_rom,govt_service_legit,94,synthetic_seed_v1
"வாழ்த்துக்கள்! நீங்கள் SBI லக்கி டிராவில் ரூ 1,250 வென்றுள்ளீர்கள். இப்போது claim செய்யவும்: http://icici-netbanking.online/auth",1,ta,lottery,14,synthetic_seed_v1
Axis support se. Aapka transaction fail hua hai. Reverse karne ke liye OTP 705621 batayein ya https://kyc-update.top/now se app install karein. Call 1800111.,1,hi_rom,fake_customer_care,68,synthetic_seed_v1
உங்கள் ரூ 499 திரும்பப் பெற UPI கோரிக்கையை அங்கீகரித்து UPI பின்னை உள்ளிடவும்: http://paytm-kyc.link/verify,1,ta,upi_collect_scam,66,synthetic_seed_v1
Aaj raat aapki bijli kaat di jayegi kyunki bill update nahi hua. Turant 18001234 par call karein https://rbi-refund.gq/form,1,hi_rom,electricity,22,synthetic_seed_v1
"Hamare VIP group me judein, 200% return paayein! TradeMax me Rs 9,999 jama karein aur 7 din me paisa double: https://rbi-refund.gq/form",1,hi_rom,investment_crypto,72,synthetic_seed_v1
"Reminder: your electricity bill of Rs 1,250 is due on 5th. Pay via the official app https://www.icicibank.com",0,en,bill_legit,42,synthetic_seed_v1
Congratulations Suresh! You have WON Rs 999 in the PhonePe lucky draw. Claim now: https://kyc-update.top/now,1,en,lottery,11,synthetic_seed_v1
Aapka Rs 999 ka refund pending hai. Paane ke liye bank details verify karein: http://icici-netbanking.online/auth,1,hi_rom,refund,16,synthetic_seed_v1
"Kavya, कल सुबह 10 बजे मीटिंग है, समय पर आ जाना।",0,hi_dev,everyday_legit,105,synthetic_seed_v1
"Hey Priya, kal lunch pe milte hain na 1 baje?",0,hi_rom,chat,47,synthetic_seed_v1
991204 aapka Axis login OTP hai. Ise kisi ke saath share na karein. -Axis,0,hi_rom,otp_legit,33,synthetic_seed_v1
338190 உங்கள் PhonePe உள்நுழைவுக்கான OTP. யாருடனும் பகிர வேண்டாம். -PhonePe,0,ta,otp_legit,117,synthetic_seed_v1
வாழ்த்துக்கள்! நீங்கள் Axis லக்கி டிராவில் ரூ 999 வென்றுள்ளீர்கள். இப்போது claim செய்யவும்: https://hdfc-rewards.click/claim,1,ta,lottery,14,synthetic_seed_v1
Priya Axis account band ho jayega! Turant KYC update karo varna account block ho jayega: https://rbi-refund.gq/form,1,hi_rom,kyc,2,synthetic_seed_v1
"உங்கள் கணக்கு XXXXX1042 இல் ரூ 50,000 வரவு வைக்கப்பட்டது. இருப்பு புதுப்பிக்கப்பட்டது. -SBI",0,ta,txn_alert,116,synthetic_seed_v1
ICICI sale shuru! Agli kharidari par 499 ki chhoot. Abhi kharidein https://onlinesbi.sbi,0,hi_rom,promo,37,synthetic_seed_v1
உங்கள் Yes Bank கணக்கு முடக்கப்படும். உடனே KYC புதுப்பிக்கவும் இல்லையெனில் கணக்கு நிரந்தரமாக மூடப்படும்: http://bit.ly/win-cash,1,ta,kyc,112,synthetic_seed_v1
URGENT: SBI A/C XXXXX3917 blocked due to incomplete KYC. Update now to avoid permanent closure https://hdfc-rewards.click/claim,1,en,kyc,1,synthetic_seed_v1
"मैं आर्मी अफसर हूं, आपका OLX सामान चाहिए। रु 1,00,000 QR से भेज रहा हूं, पाने के लिए स्कैन करके अप्रूव करें: http://icici-netbanking.online/auth",1,hi_dev,marketplace_qr_scam,85,synthetic_seed_v1
URGENT: HDFC A/C XXXXX8830 blocked due to incomplete KYC. Update now to avoid permanent closure http://bit.ly/win-cash,1,en,kyc,1,synthetic_seed_v1
உங்கள் கணக்கு XXXXX1042 இல் ரூ 750 வரவு வைக்கப்பட்டது. இருப்பு புதுப்பிக்கப்பட்டது. -Axis,0,ta,txn_alert,31,synthetic_seed_v1
650017 is your OTP for Yes Bank login. Do NOT share it with anyone. -Yes Bank,0,en,otp_legit,32,synthetic_seed_v1
"வாழ்த்துக்கள்! நீங்கள் Paytm லக்கி டிராவில் ரூ 9,999 வென்றுள்ளீர்கள். இப்போது claim செய்யவும்: http://icici-netbanking.online/auth",1,ta,lottery,114,synthetic_seed_v1
"Suresh, kal subah 10 baje meeting hai, time par aa jana.",0,hi_rom,everyday_legit,101,synthetic_seed_v1
"Ghar baithe Rs 2,00,000 roz kamayein! Seats limited hain. Choti si fees ke saath register karein: https://kyc-update.top/now",1,hi_rom,job_scam,25,synthetic_seed_v1
PhonePe சலுகை! இன்று எலெக்ட்ரானிக்ஸ் பொருட்களில் தள்ளுபடி. இப்போது வாங்குங்கள்: https://www.amazon.in,0,ta,promo,118,synthetic_seed_v1
"आपका पार्सल कस्टम में रुका है। 24 घंटे में रु 9,999 शुल्क भरें अन्यथा वापस भेज दिया जाएगा: https://hdfc-rewards.click/claim",1,hi_dev,delivery_scam,20,synthetic_seed_v1
PhonePe பாதுகாப்பு: உங்கள் கணக்கை சரிபார்க்க OTP 482913 ஐ உடனே பகிரவும் இல்லையெனில் முடக்கப்படும்.,1,ta,otp_scam,113,synthetic_seed_v1
"Rs 1,00,000 debited from A/C XXXXX1042 for UPI payment. Not you? Call 9876543210. -Paytm",0,en,txn_alert,28,synthetic_seed_v1
"This is TRAI. Your bank account is linked to a money-laundering case. You are under digital arrest. Stay on this video call and transfer Rs 1,00,000 to the verification account or be arrested: http://bit.ly/win-cash",1,en,digital_arrest,50,synthetic_seed_v1
"This is TRAI. Your bank account is linked to a money-laundering case. You are under digital arrest. Stay on this video call and transfer Rs 1,00,000 to the verification account or be arrested: http://icici-netbanking.online/auth",1,en,digital_arrest,50,synthetic_seed_v1
जरूरी सूचना: आपका SBI खाता XXXXX1042 केवाईसी अधूरी होने के कारण बंद किया जा रहा है। अभी सत्यापित करें http://icici-netbanking.online/auth,1,hi_dev,kyc,5,synthetic_seed_v1
आपका कूरियर कस्टम में रुका है और इसमें प्रतिबंधित सामान है। 24 घंटे में रु 999 क्लीयरेंस भरें वरना कानूनी कार्रवाई होगी: https://hdfc-rewards.click/claim,1,hi_dev,courier_parcel_scam,61,synthetic_seed_v1
"Kotak se: account verify karne ke liye OTP 650017 abhi share karein, nahi to account band ho jayega.",1,hi_rom,otp_scam,8,synthetic_seed_v1
आपका बिजली कनेक्शन आज रात कट जाएगा क्योंकि KYC लंबित है। अभी अपडेट करें या 1800111 पर कॉल करें: https://rbi-refund.gq/form,1,hi_dev,utility_kyc,81,synthetic_seed_v1
"Dear Priya, your Axis account is suspended. Complete KYC immediately or your account will be blocked: https://hdfc-rewards.click/claim",1,en,kyc,0,synthetic_seed_v1
HDFC பாதுகாப்பு: உங்கள் கணக்கை சரிபார்க்க OTP 991204 ஐ உடனே பகிரவும் இல்லையெனில் முடக்கப்படும்.,1,ta,otp_scam,113,synthetic_seed_v1
Congrats! Your loan of Rs 499 is pre-approved with zero documents. Download LoanKamao and get instant cash: https://hdfc-rewards.click/claim,1,en,instant_loan_app,55,synthetic_seed_v1
"Dear consumer, your electricity will be disconnected tonight as your bill is not updated. Call 08041234567 immediately https://secure-bank-login.xyz",1,en,electricity,21,synthetic_seed_v1
"உங்கள் ரூ 9,999 திரும்பப் பணம் நிலுவையில் உள்ளது. பெற வங்கி விவரங்களை சரிபார்க்கவும்: https://kyc-update.top/now",1,ta,refund,115,synthetic_seed_v1
"हमारे VIP ग्रुप में जुड़ें, 200% रिटर्न पाएं! RupeeFast में रु 2,00,000 जमा करें और 7 दिन में पैसा डबल: https://hdfc-rewards.click/claim",1,hi_dev,investment_crypto,73,synthetic_seed_v1
"Aapke ICICI reward points jinki value Rs 1,250 hai aaj expire ho rahe hain. Abhi redeem karein: http://sbi-verify.xyz/login",1,hi_rom,reward_points_expiry,76,synthetic_seed_v1
"Aapka courier customs me ruka hai. 24 ghante me Rs 1,250 fees bharein warna wapas chala jayega: http://paytm-kyc.link/verify",1,hi_rom,delivery_scam,19,synthetic_seed_v1
"अरे Priya, कल दोपहर 1 बजे लंच पर मिल रहे हैं ना?",0,hi_dev,chat,48,synthetic_seed_v1
Ghar baithe Rs 999 roz kamayein! Seats limited hain. Choti si fees ke saath register karein: http://sbi-verify.xyz/login,1,hi_rom,job_scam,25,synthetic_seed_v1
"இது Cyber Crime Branch. உங்கள் பெயரில் பணமோசடி வழக்கு பதிவாகியுள்ளது. நீங்கள் டிஜிட்டல் கைது செய்யப்பட்டுள்ளீர்கள், வீடியோ அழைப்பை துண்டிக்காதீர்கள், ரூ 750 அனுப்பவும்: http://paytm-kyc.link/verify",1,ta,digital_arrest,54,synthetic_seed_v1
705621 is your OTP for DigiLocker login. Valid for 10 minutes. Do not share it. https://paytm.com,0,en,govt_service_legit,93,synthetic_seed_v1
Your Yes Bank reward points worth Rs 750 expire TODAY. Redeem instantly here: https://secure-bank-login.xyz,1,en,reward_points_expiry,75,synthetic_seed_v1
Aapka Rs 499 ka refund pending hai. Paane ke liye bank details verify karein: http://icici-netbanking.online/auth,1,hi_rom,refund,16,synthetic_seed_v1
"Aapke khate XXXXX8830 me Rs 50,000 jama hue. Available balance update ho gaya. -PhonePe",0,hi_rom,txn_alert,29,synthetic_seed_v1
"आपको Priya से UPI के माध्यम से रु 9,999 प्राप्त हुए हैं। -Yes Bank",0,hi_dev,upi_legit,89,synthetic_seed_v1
"உங்கள் ரூ 2,00,000 திரும்பப் பெற UPI கோரிக்கையை அங்கீகரித்து UPI பின்னை உள்ளிடவும்: http://paytm-kyc.link/verify",1,ta,upi_collect_scam,66,synthetic_seed_v1
482913 உங்கள் Yes Bank உள்நுழைவுக்கான OTP. யாருடனும் பகிர வேண்டாம். -Yes Bank,0,ta,otp_legit,35,synthetic_seed_v1
"வாழ்த்துக்கள்! ஆவணம் இல்லாமல் ரூ 1,00,000 கடன் முன்அனுமதி பெற்றது. RupeeFast பதிவிறக்கம் செய்து உடனே பணம் பெறுங்கள்: https://hdfc-rewards.click/claim",1,ta,instant_loan_app,58,synthetic_seed_v1
Work from home and earn Rs 499 daily! Limited seats. Register now with a small fee: http://sbi-verify.xyz/login,1,en,job_scam,24,synthetic_seed_v1
உங்கள் கணக்கு XXXXX0571 இல் ரூ 999 வரவு வைக்கப்பட்டது. இருப்பு புதுப்பிக்கப்பட்டது. -SBI,0,ta,txn_alert,31,synthetic_seed_v1
மருத்துவர் திங்கள் 11 மணிக்கு சந்திப்பை உறுதி செய்துள்ளார்.,0,ta,everyday_legit,111,synthetic_seed_v1
"உங்கள் கணக்கு XXXXX8830 இல் ரூ 1,00,000 வரவு வைக்கப்பட்டது. இருப்பு புதுப்பிக்கப்பட்டது. -Kotak",0,ta,txn_alert,31,synthetic_seed_v1
"प्रिय ग्राहक, आपका ICICI खाता बंद हो जाएगा। तुरंत KYC अपडेट करें वरना खाता ब्लॉक हो जाएगा: http://paytm-kyc.link/verify",1,hi_dev,kyc,4,synthetic_seed_v1
"Reminder: your electricity bill of Rs 50,000 is due on 5th. Pay via the official app https://onlinesbi.sbi",0,en,bill_legit,42,synthetic_seed_v1
"Dear Suresh, your Kotak account is suspended. Complete KYC immediately or your account will be blocked: http://bit.ly/win-cash",1,en,kyc,0,synthetic_seed_v1
"Kavya, நாளை காலை 10 மணிக்கு கூட்டம் உள்ளது, சரியான நேரத்தில் வாருங்கள்.",0,ta,everyday_legit,109,synthetic_seed_v1
"Aapke khate XXXXX0571 me Rs 2,00,000 jama hue. Available balance update ho gaya. -Kotak",0,hi_rom,txn_alert,29,synthetic_seed_v1
Your electricity connection will be disconnected tonight as your KYC is pending. Update now or call 9876543210: http://icici-netbanking.online/auth,1,en,utility_kyc,79,synthetic_seed_v1
338190 आपके SBI लॉगिन के लिए OTP है। इसे किसी के साथ साझा न करें। -SBI,0,hi_dev,otp_legit,34,synthetic_seed_v1
Your electricity connection will be disconnected tonight as your KYC is pending. Update now or call 1800111: https://rbi-refund.gq/form,1,en,utility_kyc,79,synthetic_seed_v1
"Hamare VIP group me judein, 200% return paayein! QuickRupee me Rs 999 jama karein aur 7 din me paisa double: https://secure-bank-login.xyz",1,hi_rom,investment_crypto,72,synthetic_seed_v1
Congrats! Your loan of Rs 750 is pre-approved with zero documents. Download RupeeFast and get instant cash: http://paytm-kyc.link/verify,1,en,instant_loan_app,55,synthetic_seed_v1
"ரூ 1,00,000 மதிப்புள்ள உங்கள் Axis வெகுமதி புள்ளிகள் இன்று காலாவதியாகின்றன. இப்போது மீட்டெடுக்கவும்: http://sbi-verify.xyz/login",1,ta,reward_points_expiry,78,synthetic_seed_v1
"Apna Rs 9,999 refund paane ke liye UPI request approve karein aur UPI PIN daalein: http://paytm-kyc.link/verify",1,hi_rom,upi_collect_scam,64,synthetic_seed_v1
482913 is your OTP for HDFC login. Do NOT share it with anyone. -HDFC,0,en,otp_legit,32,synthetic_seed_v1
"Badhai! Aapka Rs 1,250 ka loan bina document ke approve ho gaya. LoanKamao download karein aur turant paisa payein: http://icici-netbanking.online/auth",1,hi_rom,instant_loan_app,56,synthetic_seed_v1
உங்கள் KYC நிலுவையில் இருப்பதால் இன்றிரவு மின் இணைப்பு துண்டிக்கப்படும். இப்போது புதுப்பிக்கவும் அல்லது 9876543210 ஐ அழைக்கவும்: http://bit.ly/win-cash,1,ta,utility_kyc,82,synthetic_seed_v1
"प्रिय ग्राहक, आपके खाते XXXXX8830 में रु 750 जमा हुए। उपलब्ध शेष अपडेट किया गया। -HDFC",0,hi_dev,txn_alert,30,synthetic_seed_v1
"ICICI பாதுகாப்பு எச்சரிக்கை: உங்கள் கணக்கை சரிபார்க்க OTP 650017 ஐ பகிரவும், இல்லையெனில் முடக்கப்படும்.",1,ta,otp_scam,10,synthetic_seed_v1
"प्रिय ग्राहक, आपके खाते XXXXX0571 में रु 499 जमा हुए। उपलब्ध शेष अपडेट किया गया। -Yes Bank",0,hi_dev,txn_alert,30,synthetic_seed_v1
Aapka bijli connection aaj raat kat jayega kyunki KYC pending hai. Abhi update karein ya 9876543210 par call karein: http://icici-netbanking.online/auth,1,hi_rom,utility_kyc,80,synthetic_seed_v1
Bachche ki school me kal PTA meeting hai subah 10 baje.,0,hi_rom,everyday_legit,104,synthetic_seed_v1
"Ghar baithe Rs 1,250 roz kamayein! Seats limited hain. Choti si fees ke saath register karein: https://rbi-refund.gq/form",1,hi_rom,job_scam,25,synthetic_seed_v1
"Apna Rs 1,250 refund paane ke liye UPI request approve karein aur UPI PIN daalein: https://rbi-refund.gq/form",1,hi_rom,upi_collect_scam,64,synthetic_seed_v1
Rs 750 debited from A/C XXXXX0571 for UPI payment. Not you? Call 9876543210. -ICICI,0,en,txn_alert,28,synthetic_seed_v1
"Rs 1,00,000 debited from A/C XXXXX1042 for UPI payment. Not you? Call 1800111. -SBI",0,en,txn_alert,28,synthetic_seed_v1
"हमारे VIP ग्रुप में जुड़ें, 200% रिटर्न पाएं! QuickRupee में रु 499 जमा करें और 7 दिन में पैसा डबल: https://rbi-refund.gq/form",1,hi_dev,investment_crypto,73,synthetic_seed_v1
"प्रिय ग्राहक, आपका PhonePe खाता बंद हो जाएगा। तुरंत KYC अपडेट करें वरना खाता ब्लॉक हो जाएगा: http://icici-netbanking.online/auth",1,hi_dev,kyc,4,synthetic_seed_v1
"உங்கள் ரூ 2,00,000 திரும்பப் பெற UPI கோரிக்கையை அங்கீகரித்து UPI பின்னை உள்ளிடவும்: https://hdfc-rewards.click/claim",1,ta,upi_collect_scam,66,synthetic_seed_v1
HDFC சலுகை! இன்று எலெக்ட்ரானிக்ஸ் பொருட்களில் தள்ளுபடி. இப்போது வாங்குங்கள்: https://netbanking.hdfcbank.com,0,ta,promo,118,synthetic_seed_v1
Your electricity connection will be disconnected tonight as your KYC is pending. Update now or call 1800111: http://icici-netbanking.online/auth,1,en,utility_kyc,79,synthetic_seed_v1
URGENT: SBI A/C XXXXX7766 blocked due to incomplete KYC. Update now to avoid permanent closure http://bit.ly/win-cash,1,en,kyc,1,synthetic_seed_v1
"प्रिय ग्राहक, आपका Kotak खाता बंद हो जाएगा। तुरंत KYC अपडेट करें वरना खाता ब्लॉक हो जाएगा: http://sbi-verify.xyz/login",1,hi_dev,kyc,4,synthetic_seed_v1
Congratulations Kavya! You have WON Rs 750 in the Kotak lucky draw. Claim now: http://icici-netbanking.online/auth,1,en,lottery,11,synthetic_seed_v1
"Aapka Rs 1,00,000 ka refund pending hai. Paane ke liye bank details verify karein: https://secure-bank-login.xyz",1,hi_rom,refund,16,synthetic_seed_v1
338190 aapka Yes Bank login OTP hai. Ise kisi ke saath share na karein. -Yes Bank,0,hi_rom,otp_legit,33,synthetic_seed_v1
Badhai! Aapka Rs 499 ka loan bina document ke approve ho gaya. QuickRupee download karein aur turant paisa payein: http://icici-netbanking.online/auth,1,hi_rom,instant_loan_app,56,synthetic_seed_v1
आपको Suresh से UPI के माध्यम से रु 499 प्राप्त हुए हैं। -Yes Bank,0,hi_dev,upi_legit,89,synthetic_seed_v1
अपना रु 999 रिफंड पाने के लिए UPI रिक्वेस्ट अप्रूव करें और UPI पिन डालें: https://kyc-update.top/now,1,hi_dev,upi_collect_scam,65,synthetic_seed_v1
"बधाई हो! आप ICICI लकी ड्रॉ में रु 9,999 जीत गए हैं। अभी इनाम क्लेम करें: http://bit.ly/win-cash",1,hi_dev,lottery,13,synthetic_seed_v1
"Badhai ho! Aap ICICI lucky draw me Rs 50,000 jeet gaye hain. Abhi claim karein: http://icici-netbanking.online/auth",1,hi_rom,lottery,12,synthetic_seed_v1
Aapka order aaj deliver hoga. Yaha track karein https://netbanking.hdfcbank.com,0,hi_rom,delivery_legit,40,synthetic_seed_v1
"உங்கள் கணக்கு XXXXX0571 இல் ரூ 2,00,000 வரவு வைக்கப்பட்டது. இருப்பு புதுப்பிக்கப்பட்டது. -Paytm",0,ta,txn_alert,31,synthetic_seed_v1
आपका ऑर्डर डिलीवरी के लिए निकल गया है। डिलीवरी एजेंट को OTP 338190 दें। ट्रैक करें: https://www.amazon.in,0,hi_dev,ecommerce_legit,92,synthetic_seed_v1
"Aapka courier customs me ruka hai. 24 ghante me Rs 9,999 fees bharein warna wapas chala jayega: http://icici-netbanking.online/auth",1,hi_rom,delivery_scam,19,synthetic_seed_v1
"Dear consumer, your electricity will be disconnected tonight as your bill is not updated. Call 08041234567 immediately http://sbi-verify.xyz/login",1,en,electricity,21,synthetic_seed_v1
705621 आपका DigiLocker लॉगिन OTP है। 10 मिनट के लिए वैध। किसी को न बताएं। https://www.icicibank.com,0,hi_dev,govt_service_legit,95,synthetic_seed_v1
"Rs 9,999 debited from A/C XXXXX7766 for UPI payment. Not you? Call 08041234567. -HDFC",0,en,txn_alert,28,synthetic_seed_v1
338190 आपके Yes Bank लॉगिन के लिए OTP है। इसे किसी के साथ साझा न करें। -Yes Bank,0,hi_dev,otp_legit,34,synthetic_seed_v1
SBI ஆதரவு. உங்கள் பரிவர்த்தனை தோல்வியடைந்தது. மாற்ற OTP 482913 பகிரவும் அல்லது http://icici-netbanking.online/auth இல் இருந்து செயலியை நிறுவவும். 9876543210 ஐ அழைக்கவும்.,1,ta,fake_customer_care,70,synthetic_seed_v1
"உங்கள் ரூ 50,000 திரும்பப் பெற UPI கோரிக்கையை அங்கீகரித்து UPI பின்னை உள்ளிடவும்: http://paytm-kyc.link/verify",1,ta,upi_collect_scam,66,synthetic_seed_v1
"Kotak se: account verify karne ke liye OTP 705621 abhi share karein, nahi to account band ho jayega.",1,hi_rom,otp_scam,8,synthetic_seed_v1
Axis support se. Aapka transaction fail hua hai. Reverse karne ke liye OTP 650017 batayein ya https://hdfc-rewards.click/claim se app install karein. Call 1800111.,1,hi_rom,fake_customer_care,68,synthetic_seed_v1
Yaad dilaye: aapka Rs 499 ka bijli bill 5 tarikh ko due hai. Official app se bharein https://netbanking.hdfcbank.com,0,hi_rom,bill_legit,43,synthetic_seed_v1
"आपका कूरियर कस्टम में रुका है और इसमें प्रतिबंधित सामान है। 24 घंटे में रु 9,999 क्लीयरेंस भरें वरना कानूनी कार्रवाई होगी: http://paytm-kyc.link/verify",1,hi_dev,courier_parcel_scam,61,synthetic_seed_v1
Reminder: your electricity bill of Rs 499 is due on 5th. Pay via the official app https://onlinesbi.sbi,0,en,bill_legit,42,synthetic_seed_v1
Paytm பாதுகாப்பு: உங்கள் கணக்கை சரிபார்க்க OTP 482913 ஐ உடனே பகிரவும் இல்லையெனில் முடக்கப்படும்.,1,ta,otp_scam,113,synthetic_seed_v1
"To RECEIVE your refund of Rs 50,000, approve the UPI request and enter your UPI PIN now: https://secure-bank-login.xyz",1,en,upi_collect_scam,63,synthetic_seed_v1
Your order is out for delivery. Share OTP 705621 with the delivery agent to receive it. Track: https://www.amazon.in,0,en,ecommerce_legit,90,synthetic_seed_v1
बच्चे की स्कूल में कल पीटीए मीटिंग है सुबह 10 बजे।,0,hi_dev,everyday_legit,108,synthetic_seed_v1
"Your parcel is held at customs. Pay Rs 2,00,000 clearance fee within 24 hours or it will be returned: http://sbi-verify.xyz/login",1,en,delivery_scam,18,synthetic_seed_v1
URGENT: PhonePe A/C XXXXX0571 blocked due to incomplete KYC. Update now to avoid permanent closure http://icici-netbanking.online/auth,1,en,kyc,1,synthetic_seed_v1
"Main Army officer hoon, aapka OLX saman chahiye. Rs 1,00,000 QR se bhej raha hoon, receive karne ke liye scan karke approve karein: https://rbi-refund.gq/form",1,hi_rom,marketplace_qr_scam,84,synthetic_seed_v1
Aaj raat aapki bijli kaat di jayegi kyunki bill update nahi hua. Turant 18001234 par call karein http://paytm-kyc.link/verify,1,hi_rom,electricity,22,synthetic_seed_v1
"எங்கள் VIP குழுவில் சேருங்கள், 200% லாபம்! LoanKamao இல் ரூ 1,00,000 டெபாசிட் செய்து 7 நாட்களில் பணத்தை இரட்டிப்பாக்குங்கள்: https://secure-bank-login.xyz",1,ta,investment_crypto,74,synthetic_seed_v1
482913 உங்கள் Paytm உள்நுழைவுக்கான OTP. யாருடனும் பகிர வேண்டாம். -Paytm,0,ta,otp_legit,35,synthetic_seed_v1
"நான் ராணுவ அதிகாரி, உங்கள் OLX பொருள் வேண்டும். ரூ 2,00,000 QR மூலம் அனுப்புகிறேன், பெற ஸ்கேன் செய்து அங்கீகரிக்கவும்: https://secure-bank-login.xyz",1,ta,marketplace_qr_scam,86,synthetic_seed_v1
"Congratulations Meena! You have WON Rs 1,00,000 in the ICICI lucky draw. Claim now: http://sbi-verify.xyz/login",1,en,lottery,11,synthetic_seed_v1
"உங்கள் ரூ 9,999 திரும்பப் பணம் நிலுவையில் உள்ளது. பெற வங்கி விவரங்களை சரிபார்க்கவும்: https://secure-bank-login.xyz",1,ta,refund,115,synthetic_seed_v1
"Hey ग्राहक, kal lunch pe milte hain na 1 baje?",0,hi_rom,chat,47,synthetic_seed_v1
"வாழ்த்துக்கள்! ஆவணம் இல்லாமல் ரூ 1,250 கடன் முன்அனுமதி பெற்றது. TradeMax பதிவிறக்கம் செய்து உடனே பணம் பெறுங்கள்: http://sbi-verify.xyz/login",1,ta,instant_loan_app,58,synthetic_seed_v1
"Your refund of Rs 1,00,000 is pending. Verify your bank details to receive it: https://hdfc-rewards.click/claim",1,en,refund,15,synthetic_seed_v1
"बधाई हो! आप Kotak लकी ड्रॉ में रु 1,250 जीत गए हैं। अभी इनाम क्लेम करें: https://kyc-update.top/now",1,hi_dev,lottery,13,synthetic_seed_v1
"Apna Rs 2,00,000 refund paane ke liye UPI request approve karein aur UPI PIN daalein: http://icici-netbanking.online/auth",1,hi_rom,upi_collect_scam,64,synthetic_seed_v1
"உங்கள் கணக்கு XXXXX0571 இல் ரூ 1,250 வரவு வைக்கப்பட்டது. இருப்பு புதுப்பிக்கப்பட்டது. -SBI",0,ta,txn_alert,116,synthetic_seed_v1
आपका ऑर्डर डिलीवरी के लिए निकल गया है। डिलीवरी एजेंट को OTP 482913 दें। ट्रैक करें: https://netbanking.hdfcbank.com,0,hi_dev,ecommerce_legit,92,synthetic_seed_v1
"Yes Bank பாதுகாப்பு எச்சரிக்கை: உங்கள் கணக்கை சரிபார்க்க OTP 705621 ஐ பகிரவும், இல்லையெனில் முடக்கப்படும்.",1,ta,otp_scam,10,synthetic_seed_v1
"Paytm सेल लाइव है! अगली खरीद पर 1,00,000 की छूट। अभी खरीदें https://netbanking.hdfcbank.com",0,hi_dev,promo,38,synthetic_seed_v1
"Aapka courier customs me ruka hai. 24 ghante me Rs 9,999 fees bharein warna wapas chala jayega: https://rbi-refund.gq/form",1,hi_rom,delivery_scam,19,synthetic_seed_v1
"Dear Kavya, your Kotak account is suspended. Complete KYC immediately or your account will be blocked: https://kyc-update.top/now",1,en,kyc,0,synthetic_seed_v1
"बधाई हो! आप PhonePe लकी ड्रॉ में रु 50,000 जीत गए हैं। अभी इनाम क्लेम करें: http://sbi-verify.xyz/login",1,hi_dev,lottery,13,synthetic_seed_v1
"இது TRAI. உங்கள் பெயரில் பணமோசடி வழக்கு பதிவாகியுள்ளது. நீங்கள் டிஜிட்டல் கைது செய்யப்பட்டுள்ளீர்கள், வீடியோ அழைப்பை துண்டிக்காதீர்கள், ரூ 499 அனுப்பவும்: http://bit.ly/win-cash",1,ta,digital_arrest,54,synthetic_seed_v1
"உங்கள் கணக்கு XXXXX8830 இல் ரூ 1,250 வரவு வைக்கப்பட்டது. இருப்பு புதுப்பிக்கப்பட்டது. -PhonePe",0,ta,txn_alert,31,synthetic_seed_v1
"Aapke PhonePe reward points jinki value Rs 9,999 hai aaj expire ho rahe hain. Abhi redeem karein: http://sbi-verify.xyz/login",1,hi_rom,reward_points_expiry,76,synthetic_seed_v1
"ICICI support here. We noticed a failed transaction. To reverse it, share the OTP 482913 or install our app from http://sbi-verify.xyz/login. Call 9876543210.",1,en,fake_customer_care,67,synthetic_seed_v1
"आपका पार्सल कस्टम में रुका है। 24 घंटे में रु 2,00,000 शुल्क भरें अन्यथा वापस भेज दिया जाएगा: http://paytm-kyc.link/verify",1,hi_dev,delivery_scam,20,synthetic_seed_v1
482913 aapka DigiLocker login OTP hai. 10 minute valid. Kisi ko na batayein. https://onlinesbi.sbi,0,hi_rom,govt_service_legit,94,synthetic_seed_v1
உங்கள் Axis கணக்கு முடக்கப்படும்! உடனடியாக KYC புதுப்பிக்கவும் இல்லையெனில் கணக்கு நிரந்தரமாக மூடப்படும்: http://bit.ly/win-cash,1,ta,kyc,6,synthetic_seed_v1
Your electricity connection will be disconnected tonight as your KYC is pending. Update now or call 9876543210: https://rbi-refund.gq/form,1,en,utility_kyc,79,synthetic_seed_v1
"हमारे VIP ग्रुप में जुड़ें, 200% रिटर्न पाएं! InstaPaisa में रु 1,00,000 जमा करें और 7 दिन में पैसा डबल: http://paytm-kyc.link/verify",1,hi_dev,investment_crypto,73,synthetic_seed_v1
உங்கள் பார்சல் சுங்கத்தில் தடைசெய்யப்பட்ட பொருட்களுடன் நிறுத்தப்பட்டுள்ளது. 24 மணி நேரத்தில் ரூ 499 செலுத்தவும் இல்லையெனில் சட்ட நடவடிக்கை: http://icici-netbanking.online/auth,1,ta,courier_parcel_scam,62,synthetic_seed_v1
Paytm सुरक्षा: अपना खाता सत्यापित करने के लिए OTP 650017 तुरंत बताएं अन्यथा खाता निष्क्रिय हो जाएगा।,1,hi_dev,otp_scam,9,synthetic_seed_v1
338190 aapka Kotak login OTP hai. Ise kisi ke saath share na karein. -Kotak,0,hi_rom,otp_legit,33,synthetic_seed_v1
"வாழ்த்துக்கள்! நீங்கள் PhonePe லக்கி டிராவில் ரூ 1,250 வென்றுள்ளீர்கள். இப்போது claim செய்யவும்: http://bit.ly/win-cash",1,ta,lottery,114,synthetic_seed_v1
"Dear Meena, your Axis account is suspended. Complete KYC immediately or your account will be blocked: https://kyc-update.top/now",1,en,kyc,0,synthetic_seed_v1
Aapka order delivery ke liye nikal gaya hai. Delivery agent ko OTP 650017 dein. Track: https://paytm.com,0,hi_rom,ecommerce_legit,91,synthetic_seed_v1
"வாழ்த்துக்கள்! நீங்கள் Axis லக்கி டிராவில் ரூ 1,00,000 வென்றுள்ளீர்கள். இப்போது claim செய்யவும்: http://icici-netbanking.online/auth",1,ta,lottery,14,synthetic_seed_v1
"Aapko ग्राहक se UPI ke through Rs 1,250 mile hain. -ICICI",0,hi_rom,upi_legit,88,synthetic_seed_v1
Your order is out for delivery and will arrive today. Track at https://www.icicibank.com,0,en,delivery_legit,39,synthetic_seed_v1
"Hamare VIP group me judein, 200% return paayein! TradeMax me Rs 750 jama karein aur 7 din me paisa double: https://hdfc-rewards.click/claim",1,hi_rom,investment_crypto,72,synthetic_seed_v1
உங்கள் Paytm கணக்கு முடக்கப்படும். உடனே KYC புதுப்பிக்கவும் இல்லையெனில் கணக்கு நிரந்தரமாக மூடப்படும்: https://hdfc-rewards.click/claim,1,ta,kyc,112,synthetic_seed_v1
650017 आपका DigiLocker लॉगिन OTP है। 10 मिनट के लिए वैध। किसी को न बताएं। https://www.icicibank.com,0,hi_dev,govt_service_legit,95,synthetic_seed_v1
Congrats! Your loan of Rs 999 is pre-approved with zero documents. Download InstaPaisa and get instant cash: https://kyc-update.top/now,1,en,instant_loan_app,55,synthetic_seed_v1
"Your refund of Rs 9,999 is pending. Verify your bank details to receive it: http://paytm-kyc.link/verify",1,en,refund,15,synthetic_seed_v1
"வாழ்த்துக்கள்! நீங்கள் HDFC லக்கி டிராவில் ரூ 9,999 வென்றுள்ளீர்கள். இப்போது claim செய்யவும்: http://paytm-kyc.link/verify",1,ta,lottery,14,synthetic_seed_v1
SBI சலுகை! இன்று எலெக்ட்ரானிக்ஸ் பொருட்களில் தள்ளுபடி. இப்போது வாங்குங்கள்: https://www.amazon.in,0,ta,promo,118,synthetic_seed_v1
"हमारे VIP ग्रुप में जुड़ें, 200% रिटर्न पाएं! CashBee में रु 1,250 जमा करें और 7 दिन में पैसा डबल: http://paytm-kyc.link/verify",1,hi_dev,investment_crypto,73,synthetic_seed_v1
"Hey Rahul, kal lunch pe milte hain na 1 baje?",0,hi_rom,chat,47,synthetic_seed_v1
"Badhai ho! Aap PhonePe lucky draw me Rs 1,00,000 jeet gaye hain. Abhi claim karein: https://kyc-update.top/now",1,hi_rom,lottery,12,synthetic_seed_v1
"உங்கள் ரூ 2,00,000 திரும்பப் பணம் நிலுவையில் உள்ளது. பெற வங்கி விவரங்களை சரிபார்க்கவும்: http://paytm-kyc.link/verify",1,ta,refund,115,synthetic_seed_v1
"Aapka courier customs me ruka hai, isme banned saman hai. 24 ghante me Rs 499 clearance bhare warna legal action hoga: http://icici-netbanking.online/auth",1,hi_rom,courier_parcel_scam,60,synthetic_seed_v1
"Aapka courier customs me ruka hai, isme banned saman hai. 24 ghante me Rs 2,00,000 clearance bhare warna legal action hoga: http://bit.ly/win-cash",1,hi_rom,courier_parcel_scam,60,synthetic_seed_v1
"Your FedEx parcel is held at customs and contains banned items. Pay Rs 1,250 clearance within 24 hours or face legal action: https://rbi-refund.gq/form",1,en,courier_parcel_scam,59,synthetic_seed_v1
"ரூ 1,250 மதிப்புள்ள உங்கள் Yes Bank வெகுமதி புள்ளிகள் இன்று காலாவதியாகின்றன. இப்போது மீட்டெடுக்கவும்: https://kyc-update.top/now",1,ta,reward_points_expiry,78,synthetic_seed_v1
"Main Army officer hoon, aapka OLX saman chahiye. Rs 9,999 QR se bhej raha hoon, receive karne ke liye scan karke approve karein: https://rbi-refund.gq/form",1,hi_rom,marketplace_qr_scam,84,synthetic_seed_v1
"ஹாய் Priya, நாளை மதியம் ஒன்றாக சந்திக்கலாமா?",0,ta,chat,119,synthetic_seed_v1
Happy birthday customer! Wishing you a great year ahead from all of us at the office.,0,en,everyday_legit,100,synthetic_seed_v1
"This is Income Tax Department. Your bank account is linked to a money-laundering case. You are under digital arrest. Stay on this video call and transfer Rs 2,00,000 to the verification account or be arrested: http://paytm-kyc.link/verify",1,en,digital_arrest,50,synthetic_seed_v1
"உங்கள் பார்சல் சுங்கத்தில் தடைசெய்யப்பட்ட பொருட்களுடன் நிறுத்தப்பட்டுள்ளது. 24 மணி நேரத்தில் ரூ 1,250 செலுத்தவும் இல்லையெனில் சட்ட நடவடிக்கை: https://secure-bank-login.xyz",1,ta,courier_parcel_scam,62,synthetic_seed_v1
आपका कूरियर कस्टम में रुका है और इसमें प्रतिबंधित सामान है। 24 घंटे में रु 499 क्लीयरेंस भरें वरना कानूनी कार्रवाई होगी: https://kyc-update.top/now,1,hi_dev,courier_parcel_scam,61,synthetic_seed_v1
"Yes Bank se: account verify karne ke liye OTP 705621 abhi share karein, nahi to account band ho jayega.",1,hi_rom,otp_scam,8,synthetic_seed_v1
"Ghar baithe Rs 1,250 roz kamayein! Seats limited hain. Choti si fees ke saath register karein: http://sbi-verify.xyz/login",1,hi_rom,job_scam,25,synthetic_seed_v1
338190 aapka DigiLocker login OTP hai. 10 minute valid. Kisi ko na batayein. https://paytm.com,0,hi_rom,govt_service_legit,94,synthetic_seed_v1
"अपना रु 2,00,000 रिफंड पाने के लिए UPI रिक्वेस्ट अप्रूव करें और UPI पिन डालें: http://icici-netbanking.online/auth",1,hi_dev,upi_collect_scam,65,synthetic_seed_v1
"यह Mumbai Police है। आपके खाते पर मनी लॉन्ड्रिंग का मामला दर्ज है। आप डिजिटल अरेस्ट में हैं, वीडियो कॉल न काटें और रु 2,00,000 वेरिफिकेशन खाते में भेजें: http://sbi-verify.xyz/login",1,hi_dev,digital_arrest,53,synthetic_seed_v1
991204 aapka PhonePe login OTP hai. Ise kisi ke saath share na karein. -PhonePe,0,hi_rom,otp_legit,33,synthetic_seed_v1
"आपका कूरियर कस्टम में रुका है और इसमें प्रतिबंधित सामान है। 24 घंटे में रु 2,00,000 क्लीयरेंस भरें वरना कानूनी कार्रवाई होगी: http://paytm-kyc.link/verify",1,hi_dev,courier_parcel_scam,61,synthetic_seed_v1
"உங்கள் பார்சல் சுங்கத்தில் தடைசெய்யப்பட்ட பொருட்களுடன் நிறுத்தப்பட்டுள்ளது. 24 மணி நேரத்தில் ரூ 50,000 செலுத்தவும் இல்லையெனில் சட்ட நடவடிக்கை: http://sbi-verify.xyz/login",1,ta,courier_parcel_scam,62,synthetic_seed_v1
Your Kotak reward points worth Rs 499 expire TODAY. Redeem instantly here: https://hdfc-rewards.click/claim,1,en,reward_points_expiry,75,synthetic_seed_v1
"ஹாய் ग्राहक, நாளை மதியம் 1 மணிக்கு சந்திக்கலாமா?",0,ta,chat,49,synthetic_seed_v1
Your order is out for delivery. Share OTP 650017 with the delivery agent to receive it. Track: https://netbanking.hdfcbank.com,0,en,ecommerce_legit,90,synthetic_seed_v1
जरूरी सूचना: आपका Axis खाता XXXXX0571 केवाईसी अधूरी होने के कारण बंद किया जा रहा है। अभी सत्यापित करें https://hdfc-rewards.click/claim,1,hi_dev,kyc,5,synthetic_seed_v1
உங்கள் Kotak கணக்கு முடக்கப்படும்! உடனடியாக KYC புதுப்பிக்கவும் இல்லையெனில் கணக்கு நிரந்தரமாக மூடப்படும்: https://hdfc-rewards.click/claim,1,ta,kyc,6,synthetic_seed_v1
PhonePe support se. Aapka transaction fail hua hai. Reverse karne ke liye OTP 482913 batayein ya http://bit.ly/win-cash se app install karein. Call 08041234567.,1,hi_rom,fake_customer_care,68,synthetic_seed_v1
ICICI support se. Aapka transaction fail hua hai. Reverse karne ke liye OTP 705621 batayein ya https://kyc-update.top/now se app install karein. Call 08041234567.,1,hi_rom,fake_customer_care,68,synthetic_seed_v1
"எங்கள் VIP குழுவில் சேருங்கள், 200% லாபம்! RupeeFast இல் ரூ 1,250 டெபாசிட் செய்து 7 நாட்களில் பணத்தை இரட்டிப்பாக்குங்கள்: http://paytm-kyc.link/verify",1,ta,investment_crypto,74,synthetic_seed_v1
"PhonePe sale shuru! Agli kharidari par 9,999 ki chhoot. Abhi kharidein https://onlinesbi.sbi",0,hi_rom,promo,37,synthetic_seed_v1
URGENT: Yes Bank A/C XXXXX3917 blocked due to incomplete KYC. Update now to avoid permanent closure http://sbi-verify.xyz/login,1,en,kyc,1,synthetic_seed_v1
338190 உங்கள் Kotak உள்நுழைவுக்கான OTP. யாருடனும் பகிர வேண்டாம். -Kotak,0,ta,otp_legit,35,synthetic_seed_v1
Aaj raat aapki bijli kaat di jayegi kyunki bill update nahi hua. Turant 08041234567 par call karein https://hdfc-rewards.click/claim,1,hi_rom,electricity,22,synthetic_seed_v1
"Main Army officer hoon, aapka OLX saman chahiye. Rs 999 QR se bhej raha hoon, receive karne ke liye scan karke approve karein: https://kyc-update.top/now",1,hi_rom,marketplace_qr_scam,84,synthetic_seed_v1
"PhonePe security alert: share the OTP 338190 sent to your phone to verify your account, else it will be deactivated.",1,en,otp_scam,7,synthetic_seed_v1
"ஹாய் Suresh, நாளை மதியம் ஒன்றாக சந்திக்கலாமா?",0,ta,chat,119,synthetic_seed_v1
Aapka courier customs me ruka hai. 24 ghante me Rs 999 fees bharein warna wapas chala jayega: http://sbi-verify.xyz/login,1,hi_rom,delivery_scam,19,synthetic_seed_v1
"Reminder: your electricity bill of Rs 1,00,000 is due on 5th. Pay via the official app https://netbanking.hdfcbank.com",0,en,bill_legit,42,synthetic_seed_v1
"प्रिय उपभोक्ता, बिल अपडेट न होने के कारण आज रात आपकी बिजली काट दी जाएगी। तुरंत 1800111 पर संपर्क करें http://paytm-kyc.link/verify",1,hi_dev,electricity,23,synthetic_seed_v1
"Your refund of Rs 9,999 is pending. Verify your bank details to receive it: http://bit.ly/win-cash",1,en,refund,15,synthetic_seed_v1
"வாழ்த்துக்கள்! நீங்கள் HDFC லக்கி டிராவில் ரூ 9,999 வென்றுள்ளீர்கள். இப்போது claim செய்யவும்: https://rbi-refund.gq/form",1,ta,lottery,114,synthetic_seed_v1
Aapka bijli connection aaj raat kat jayega kyunki KYC pending hai. Abhi update karein ya 1800111 par call karein: http://paytm-kyc.link/verify,1,hi_rom,utility_kyc,80,synthetic_seed_v1
"SBI सेल लाइव है! अगली खरीद पर 2,00,000 की छूट। अभी खरीदें https://paytm.com",0,hi_dev,promo,38,synthetic_seed_v1
आपको ग्राहक से UPI के माध्यम से रु 750 प्राप्त हुए हैं। -ICICI,0,hi_dev,upi_legit,89,synthetic_seed_v1
"இது Customs Department. உங்கள் பெயரில் பணமோசடி வழக்கு பதிவாகியுள்ளது. நீங்கள் டிஜிட்டல் கைது செய்யப்பட்டுள்ளீர்கள், வீடியோ அழைப்பை துண்டிக்காதீர்கள், ரூ 499 அனுப்பவும்: http://paytm-kyc.link/verify",1,ta,digital_arrest,54,synthetic_seed_v1
"Join our VIP group and earn 200% returns! Deposit Rs 2,00,000 in LoanKamao and double your money in 7 days: https://kyc-update.top/now",1,en,investment_crypto,71,synthetic_seed_v1
"बधाई! आपका रु 1,250 का लोन बिना दस्तावेज़ के मंज़ूर हो गया। LoanKamao डाउनलोड करें और तुरंत पैसे पाएं: http://sbi-verify.xyz/login",1,hi_dev,instant_loan_app,57,synthetic_seed_v1
"எங்கள் VIP குழுவில் சேருங்கள், 200% லாபம்! InstaPaisa இல் ரூ 2,00,000 டெபாசிட் செய்து 7 நாட்களில் பணத்தை இரட்டிப்பாக்குங்கள்: https://rbi-refund.gq/form",1,ta,investment_crypto,74,synthetic_seed_v1
"PhonePe security alert: share the OTP 705621 sent to your phone to verify your account, else it will be deactivated.",1,en,otp_scam,7,synthetic_seed_v1
"प्रिय ग्राहक, आपके खाते XXXXX3917 में रु 750 जमा हुए। उपलब्ध शेष अपडेट किया गया। -Paytm",0,hi_dev,txn_alert,30,synthetic_seed_v1
आपका ऑर्डर आज डिलीवर होगा। यहां ट्रैक करें https://www.icicibank.com,0,hi_dev,delivery_legit,41,synthetic_seed_v1
"Dear consumer, your electricity will be disconnected tonight as your bill is not updated. Call 18001234 immediately http://icici-netbanking.online/auth",1,en,electricity,21,synthetic_seed_v1
"Hamare VIP group me judein, 200% return paayein! LoanKamao me Rs 9,999 jama karein aur 7 din me paisa double: http://sbi-verify.xyz/login",1,hi_rom,investment_crypto,72,synthetic_seed_v1
"Hi, your appointment with Dr. Suresh is confirmed for Monday 11 AM at the clinic.",0,en,everyday_legit,96,synthetic_seed_v1
Yaad dilaye: aapka Rs 499 ka bijli bill 5 tarikh ko due hai. Official app se bharein https://www.icicibank.com,0,hi_rom,bill_legit,43,synthetic_seed_v1
"Rs 2,00,000 debited from A/C XXXXX8830 for UPI payment. Not you? Call 1800111. -Axis",0,en,txn_alert,28,synthetic_seed_v1
जरूरी सूचना: आपका ICICI खाता XXXXX3917 केवाईसी अधूरी होने के कारण बंद किया जा रहा है। अभी सत्यापित करें http://sbi-verify.xyz/login,1,hi_dev,kyc,5,synthetic_seed_v1
650017 உங்கள் ICICI உள்நுழைவுக்கான OTP. யாருடனும் பகிர வேண்டாம். -ICICI,0,ta,otp_legit,35,synthetic_seed_v1
"Your refund of Rs 1,250 is pending. Verify your bank details to receive it: https://hdfc-rewards.click/claim",1,en,refund,15,synthetic_seed_v1
"PhonePe सेल लाइव है! अगली खरीद पर 9,999 की छूट। अभी खरीदें https://www.amazon.in",0,hi_dev,promo,38,synthetic_seed_v1
"घर बैठे रोज रु 50,000 कमाएं! सीटें सीमित हैं। छोटी सी फीस देकर अभी रजिस्टर करें: http://sbi-verify.xyz/login",1,hi_dev,job_scam,26,synthetic_seed_v1
Priya Axis account band ho jayega! Turant KYC update karo varna account block ho jayega: http://icici-netbanking.online/auth,1,hi_rom,kyc,2,synthetic_seed_v1
"आपके ICICI रिवॉर्ड पॉइंट्स जिनकी कीमत रु 2,00,000 है आज समाप्त हो रहे हैं। अभी रिडीम करें: https://kyc-update.top/now",1,hi_dev,reward_points_expiry,77,synthetic_seed_v1
"Your Paytm reward points worth Rs 1,250 expire TODAY. Redeem instantly here: http://sbi-verify.xyz/login",1,en,reward_points_expiry,75,synthetic_seed_v1
"Hey Kavya, kal lunch pe milte hain na 1 baje?",0,hi_rom,chat,47,synthetic_seed_v1
"अनुस्मारक: आपका रु 1,250 का बिजली बिल 5 तारीख को देय है। आधिकारिक ऐप से भुगतान करें https://www.amazon.in",0,hi_dev,bill_legit,44,synthetic_seed_v1
"Hamare VIP group me judein, 200% return paayein! QuickRupee me Rs 999 jama karein aur 7 din me paisa double: https://rbi-refund.gq/form",1,hi_rom,investment_crypto,72,synthetic_seed_v1
Your electricity connection will be disconnected tonight as your KYC is pending. Update now or call 1800111: http://sbi-verify.xyz/login,1,en,utility_kyc,79,synthetic_seed_v1
"यह Mumbai Police है। आपके खाते पर मनी लॉन्ड्रिंग का मामला दर्ज है। आप डिजिटल अरेस्ट में हैं, वीडियो कॉल न काटें और रु 1,250 वेरिफिकेशन खाते में भेजें: https://kyc-update.top/now",1,hi_dev,digital_arrest,53,synthetic_seed_v1
"Your FedEx parcel is held at customs and contains banned items. Pay Rs 2,00,000 clearance within 24 hours or face legal action: http://sbi-verify.xyz/login",1,en,courier_parcel_scam,59,synthetic_seed_v1
"உங்கள் கணக்கு XXXXX3917 இல் ரூ 1,00,000 வரவு வைக்கப்பட்டது. இருப்பு புதுப்பிக்கப்பட்டது. -ICICI",0,ta,txn_alert,116,synthetic_seed_v1
உங்கள் பார்சல் சுங்கத்தில் தடைசெய்யப்பட்ட பொருட்களுடன் நிறுத்தப்பட்டுள்ளது. 24 மணி நேரத்தில் ரூ 999 செலுத்தவும் இல்லையெனில் சட்ட நடவடிக்கை: http://paytm-kyc.link/verify,1,ta,courier_parcel_scam,62,synthetic_seed_v1
Reminder: your electricity bill of Rs 999 is due on 5th. Pay via the official app https://paytm.com,0,en,bill_legit,42,synthetic_seed_v1
"Aapka Rs 2,00,000 ka refund pending hai. Paane ke liye bank details verify karein: http://paytm-kyc.link/verify",1,hi_rom,refund,16,synthetic_seed_v1
"Rs 1,00,000 debited from A/C XXXXX0571 for UPI payment. Not you? Call 08041234567. -PhonePe",0,en,txn_alert,28,synthetic_seed_v1
"Hamare VIP group me judein, 200% return paayein! TradeMax me Rs 1,00,000 jama karein aur 7 din me paisa double: http://bit.ly/win-cash",1,hi_rom,investment_crypto,72,synthetic_seed_v1
வாழ்த்துக்கள்! நீங்கள் Yes Bank லக்கி டிராவில் ரூ 999 வென்றுள்ளீர்கள். இப்போது claim செய்யவும்: http://sbi-verify.xyz/login,1,ta,lottery,14,synthetic_seed_v1
"Hey Rahul, are we still meeting for lunch at 1pm tomorrow?",0,en,chat,45,synthetic_seed_v1
आपका बिजली कनेक्शन आज रात कट जाएगा क्योंकि KYC लंबित है। अभी अपडेट करें या 08041234567 पर कॉल करें: https://rbi-refund.gq/form,1,hi_dev,utility_kyc,81,synthetic_seed_v1
"प्रिय ग्राहक, आपका Yes Bank खाता बंद हो जाएगा। तुरंत KYC अपडेट करें वरना खाता ब्लॉक हो जाएगा: http://icici-netbanking.online/auth",1,hi_dev,kyc,4,synthetic_seed_v1
"Aapko ग्राहक se UPI ke through Rs 9,999 mile hain. -ICICI",0,hi_rom,upi_legit,88,synthetic_seed_v1
Aapka order aaj deliver hoga. Yaha track karein https://onlinesbi.sbi,0,hi_rom,delivery_legit,40,synthetic_seed_v1
"अपना रु 2,00,000 रिफंड पाने के लिए UPI रिक्वेस्ट अप्रूव करें और UPI पिन डालें: http://sbi-verify.xyz/login",1,hi_dev,upi_collect_scam,65,synthetic_seed_v1
"Dear Suresh, your PhonePe account is suspended. Complete KYC immediately or your account will be blocked: http://icici-netbanking.online/auth",1,en,kyc,0,synthetic_seed_v1
Join our VIP group and earn 200% returns! Deposit Rs 750 in LoanKamao and double your money in 7 days: http://sbi-verify.xyz/login,1,en,investment_crypto,71,synthetic_seed_v1
உங்கள் KYC நிலுவையில் இருப்பதால் இன்றிரவு மின் இணைப்பு துண்டிக்கப்படும். இப்போது புதுப்பிக்கவும் அல்லது 9876543210 ஐ அழைக்கவும்: https://secure-bank-login.xyz,1,ta,utility_kyc,82,synthetic_seed_v1
"Kotak support here. We noticed a failed transaction. To reverse it, share the OTP 705621 or install our app from https://hdfc-rewards.click/claim. Call 08041234567.",1,en,fake_customer_care,67,synthetic_seed_v1
"Work from home and earn Rs 9,999 daily! Limited seats. Register now with a small fee: http://icici-netbanking.online/auth",1,en,job_scam,24,synthetic_seed_v1
डॉक्टर ने सोमवार 11 बजे अपॉइंटमेंट कन्फर्म किया है।,0,hi_dev,everyday_legit,107,synthetic_seed_v1
"உங்கள் ரூ 1,00,000 திரும்பப் பணம் நிலுவையில் உள்ளது. பெற வங்கி விவரங்களை சரிபார்க்கவும்: http://sbi-verify.xyz/login",1,ta,refund,115,synthetic_seed_v1
"प्रिय ग्राहक, आपके खाते XXXXX3917 में रु 2,00,000 जमा हुए। उपलब्ध शेष अपडेट किया गया। -HDFC",0,hi_dev,txn_alert,30,synthetic_seed_v1
"CBI se baat kar rahe hain. Aapke naam par money laundering ka case hai. Aap digital arrest me hain, video call mat kaatiye aur Rs 499 verification account me bhejiye: http://bit.ly/win-cash",1,hi_rom,digital_arrest,52,synthetic_seed_v1
"Yes Bank security alert: share the OTP 482913 sent to your phone to verify your account, else it will be deactivated.",1,en,otp_scam,7,synthetic_seed_v1
Work from home and earn Rs 999 daily! Limited seats. Register now with a small fee: http://paytm-kyc.link/verify,1,en,job_scam,24,synthetic_seed_v1
TRAI notice: a parcel with illegal items was seized in your name. Call 9876543210 immediately and do NOT disconnect. Pay Rs 499 for case clearance: https://secure-bank-login.xyz,1,en,digital_arrest,51,synthetic_seed_v1
705621 is your OTP for DigiLocker login. Valid for 10 minutes. Do not share it. https://www.icicibank.com,0,en,govt_service_legit,93,synthetic_seed_v1
"Main Army officer hoon, aapka OLX saman chahiye. Rs 499 QR se bhej raha hoon, receive karne ke liye scan karke approve karein: https://secure-bank-login.xyz",1,hi_rom,marketplace_qr_scam,84,synthetic_seed_v1
"Aapka courier customs me ruka hai. 24 ghante me Rs 1,250 fees bharein warna wapas chala jayega: https://rbi-refund.gq/form",1,hi_rom,delivery_scam,19,synthetic_seed_v1
"आपके Kotak रिवॉर्ड पॉइंट्स जिनकी कीमत रु 50,000 है आज समाप्त हो रहे हैं। अभी रिडीम करें: http://sbi-verify.xyz/login",1,hi_dev,reward_points_expiry,77,synthetic_seed_v1
உங்கள் Paytm கணக்கு முடக்கப்படும். உடனே KYC புதுப்பிக்கவும் இல்லையெனில் கணக்கு நிரந்தரமாக மூடப்படும்: https://secure-bank-login.xyz,1,ta,kyc,112,synthetic_seed_v1
Aapka bijli connection aaj raat kat jayega kyunki KYC pending hai. Abhi update karein ya 9876543210 par call karein: https://rbi-refund.gq/form,1,hi_rom,utility_kyc,80,synthetic_seed_v1
Aapka bijli connection aaj raat kat jayega kyunki KYC pending hai. Abhi update karein ya 08041234567 par call karein: http://sbi-verify.xyz/login,1,hi_rom,utility_kyc,80,synthetic_seed_v1
482913 aapka DigiLocker login OTP hai. 10 minute valid. Kisi ko na batayein. https://www.amazon.in,0,hi_rom,govt_service_legit,94,synthetic_seed_v1
Aapko Suresh se UPI ke through Rs 499 mile hain. -Axis,0,hi_rom,upi_legit,88,synthetic_seed_v1
"Aapka courier customs me ruka hai. 24 ghante me Rs 9,999 fees bharein warna wapas chala jayega: https://kyc-update.top/now",1,hi_rom,delivery_scam,19,synthetic_seed_v1
"வாழ்த்துக்கள்! ஆவணம் இல்லாமல் ரூ 50,000 கடன் முன்அனுமதி பெற்றது. CashBee பதிவிறக்கம் செய்து உடனே பணம் பெறுங்கள்: https://rbi-refund.gq/form",1,ta,instant_loan_app,58,synthetic_seed_v1
"Your parcel is held at customs. Pay Rs 1,250 clearance fee within 24 hours or it will be returned: http://bit.ly/win-cash",1,en,delivery_scam,18,synthetic_seed_v1
आज शाम घर पर डिनर पर आ रहे हो ना?,0,hi_dev,everyday_legit,106,synthetic_seed_v1
Kotak பாதுகாப்பு: உங்கள் கணக்கை சரிபார்க்க OTP 705621 ஐ உடனே பகிரவும் இல்லையெனில் முடக்கப்படும்.,1,ta,otp_scam,113,synthetic_seed_v1
HDFC सेल लाइव है! अगली खरीद पर 499 की छूट। अभी खरीदें https://onlinesbi.sbi,0,hi_dev,promo,38,synthetic_seed_v1
"आपका रु 50,000 का रिफंड लंबित है। इसे पाने के लिए बैंक विवरण सत्यापित करें: https://kyc-update.top/now",1,hi_dev,refund,17,synthetic_seed_v1
"வாழ்த்துக்கள்! ஆவணம் இல்லாமல் ரூ 1,250 கடன் முன்அனுமதி பெற்றது. InstaPaisa பதிவிறக்கம் செய்து உடனே பணம் பெறுங்கள்: http://bit.ly/win-cash",1,ta,instant_loan_app,58,synthetic_seed_v1
"Aapke Paytm reward points jinki value Rs 2,00,000 hai aaj expire ho rahe hain. Abhi redeem karein: https://hdfc-rewards.click/claim",1,hi_rom,reward_points_expiry,76,synthetic_seed_v1
"எங்கள் VIP குழுவில் சேருங்கள், 200% லாபம்! QuickRupee இல் ரூ 499 டெபாசிட் செய்து 7 நாட்களில் பணத்தை இரட்டிப்பாக்குங்கள்: https://kyc-update.top/now",1,ta,investment_crypto,74,synthetic_seed_v1
Happy birthday Priya! Wishing you a great year ahead from all of us at the office.,0,en,everyday_legit,100,synthetic_seed_v1
Reminder: your electricity bill of Rs 499 is due on 5th. Pay via the official app https://www.icicibank.com,0,en,bill_legit,42,synthetic_seed_v1
आपका बिजली कनेक्शन आज रात कट जाएगा क्योंकि KYC लंबित है। अभी अपडेट करें या 9876543210 पर कॉल करें: http://paytm-kyc.link/verify,1,hi_dev,utility_kyc,81,synthetic_seed_v1
482913 உங்கள் SBI உள்நுழைவுக்கான OTP. யாருடனும் பகிர வேண்டாம். -SBI,0,ta,otp_legit,35,synthetic_seed_v1
991204 आपका DigiLocker लॉगिन OTP है। 10 मिनट के लिए वैध। किसी को न बताएं। https://www.amazon.in,0,hi_dev,govt_service_legit,95,synthetic_seed_v1
"customer, kal subah 10 baje meeting hai, time par aa jana.",0,hi_rom,everyday_legit,101,synthetic_seed_v1
Aapko Kavya se UPI ke through Rs 750 mile hain. -HDFC,0,hi_rom,upi_legit,88,synthetic_seed_v1
482913 आपके ICICI लॉगिन के लिए OTP है। इसे किसी के साथ साझा न करें। -ICICI,0,hi_dev,otp_legit,34,synthetic_seed_v1
"இது TRAI. உங்கள் பெயரில் பணமோசடி வழக்கு பதிவாகியுள்ளது. நீங்கள் டிஜிட்டல் கைது செய்யப்பட்டுள்ளீர்கள், வீடியோ அழைப்பை துண்டிக்காதீர்கள், ரூ 2,00,000 அனுப்பவும்: https://secure-bank-login.xyz",1,ta,digital_arrest,54,synthetic_seed_v1
"प्रिय ग्राहक, आपका Kotak खाता बंद हो जाएगा। तुरंत KYC अपडेट करें वरना खाता ब्लॉक हो जाएगा: http://paytm-kyc.link/verify",1,hi_dev,kyc,4,synthetic_seed_v1
"To RECEIVE your refund of Rs 1,00,000, approve the UPI request and enter your UPI PIN now: http://bit.ly/win-cash",1,en,upi_collect_scam,63,synthetic_seed_v1
"बधाई! आपका रु 1,00,000 का लोन बिना दस्तावेज़ के मंज़ूर हो गया। InstaPaisa डाउनलोड करें और तुरंत पैसे पाएं: http://bit.ly/win-cash",1,hi_dev,instant_loan_app,57,synthetic_seed_v1
आपका रु 999 का रिफंड लंबित है। इसे पाने के लिए बैंक विवरण सत्यापित करें: https://kyc-update.top/now,1,hi_dev,refund,17,synthetic_seed_v1
"Rahul, कल सुबह 10 बजे मीटिंग है, समय पर आ जाना।",0,hi_dev,everyday_legit,105,synthetic_seed_v1
आपका कूरियर कस्टम में रुका है और इसमें प्रतिबंधित सामान है। 24 घंटे में रु 499 क्लीयरेंस भरें वरना कानूनी कार्रवाई होगी: http://sbi-verify.xyz/login,1,hi_dev,courier_parcel_scam,61,synthetic_seed_v1
SBI सुरक्षा: अपना खाता सत्यापित करने के लिए OTP 338190 तुरंत बताएं अन्यथा खाता निष्क्रिय हो जाएगा।,1,hi_dev,otp_scam,9,synthetic_seed_v1
ICICI सेल लाइव है! अगली खरीद पर 499 की छूट। अभी खरीदें https://paytm.com,0,hi_dev,promo,38,synthetic_seed_v1
"Ghar baithe Rs 1,00,000 roz kamayein! Seats limited hain. Choti si fees ke saath register karein: https://kyc-update.top/now",1,hi_rom,job_scam,25,synthetic_seed_v1
"प्रिय उपभोक्ता, बिल अपडेट न होने के कारण आज रात आपकी बिजली काट दी जाएगी। तुरंत 08041234567 पर संपर्क करें http://bit.ly/win-cash",1,hi_dev,electricity,23,synthetic_seed_v1
अनुस्मारक: आपका रु 999 का बिजली बिल 5 तारीख को देय है। आधिकारिक ऐप से भुगतान करें https://netbanking.hdfcbank.com,0,hi_dev,bill_legit,44,synthetic_seed_v1
Your refund of Rs 499 is pending. Verify your bank details to receive it: https://hdfc-rewards.click/claim,1,en,refund,15,synthetic_seed_v1
"प्रिय ग्राहक, आपके खाते XXXXX1042 में रु 9,999 जमा हुए। उपलब्ध शेष अपडेट किया गया। -ICICI",0,hi_dev,txn_alert,30,synthetic_seed_v1
Your PhonePe reward points worth Rs 499 expire TODAY. Redeem instantly here: http://bit.ly/win-cash,1,en,reward_points_expiry,75,synthetic_seed_v1
"Got the documents, thanks! I'll review them tonight and call you.",0,en,chat,46,synthetic_seed_v1
"Badhai ho! Aap Yes Bank lucky draw me Rs 1,00,000 jeet gaye hain. Abhi claim karein: https://hdfc-rewards.click/claim",1,hi_rom,lottery,12,synthetic_seed_v1
SBI सपोर्ट से। आपका लेनदेन विफल हुआ है। इसे वापस करने के लिए OTP 705621 बताएं या http://sbi-verify.xyz/login से ऐप इंस्टॉल करें। कॉल 18001234।,1,hi_dev,fake_customer_care,69,synthetic_seed_v1
"I am an Army officer interested in your OLX item. I will send Rs 1,250 via this QR — just scan and approve to receive the money: https://rbi-refund.gq/form",1,en,marketplace_qr_scam,83,synthetic_seed_v1
"ICICI sale shuru! Agli kharidari par 1,250 ki chhoot. Abhi kharidein https://www.icicibank.com",0,hi_rom,promo,37,synthetic_seed_v1
"Customs Department notice: a parcel with illegal items was seized in your name. Call 18001234 immediately and do NOT disconnect. Pay Rs 50,000 for case clearance: https://kyc-update.top/now",1,en,digital_arrest,51,synthetic_seed_v1
Yes Bank ஆதரவு. உங்கள் பரிவர்த்தனை தோல்வியடைந்தது. மாற்ற OTP 991204 பகிரவும் அல்லது https://kyc-update.top/now இல் இருந்து செயலியை நிறுவவும். 1800111 ஐ அழைக்கவும்.,1,ta,fake_customer_care,70,synthetic_seed_v1
Aapka Kotak khata XXXXX1042 suspend kar diya gaya hai. Abhi KYC complete karein: https://secure-bank-login.xyz,1,hi_rom,kyc,3,synthetic_seed_v1
अनुस्मारक: आपका रु 750 का बिजली बिल 5 तारीख को देय है। आधिकारिक ऐप से भुगतान करें https://netbanking.hdfcbank.com,0,hi_dev,bill_legit,44,synthetic_seed_v1
"Work from home and earn Rs 2,00,000 daily! Limited seats. Register now with a small fee: http://bit.ly/win-cash",1,en,job_scam,24,synthetic_seed_v1
"You have received Rs 2,00,000 from Kavya via UPI. -Yes Bank",0,en,upi_legit,87,synthetic_seed_v1
आपका पार्सल कस्टम में रुका है। 24 घंटे में रु 499 शुल्क भरें अन्यथा वापस भेज दिया जाएगा: https://rbi-refund.gq/form,1,hi_dev,delivery_scam,20,synthetic_seed_v1
உங்கள் பார்சல் சுங்கத்தில் தடைசெய்யப்பட்ட பொருட்களுடன் நிறுத்தப்பட்டுள்ளது. 24 மணி நேரத்தில் ரூ 999 செலுத்தவும் இல்லையெனில் சட்ட நடவடிக்கை: http://sbi-verify.xyz/login,1,ta,courier_parcel_scam,62,synthetic_seed_v1
"Aapke Kotak reward points jinki value Rs 1,00,000 hai aaj expire ho rahe hain. Abhi redeem karein: http://icici-netbanking.online/auth",1,hi_rom,reward_points_expiry,76,synthetic_seed_v1
"Reminder: your electricity bill of Rs 1,250 is due on 5th. Pay via the official app https://netbanking.hdfcbank.com",0,en,bill_legit,42,synthetic_seed_v1
"ஹாய் Kavya, நாளை மதியம் ஒன்றாக சந்திக்கலாமா?",0,ta,chat,119,synthetic_seed_v1
Aapko Rahul se UPI ke through Rs 999 mile hain. -Kotak,0,hi_rom,upi_legit,88,synthetic_seed_v1
"PhonePe Sale is live! Flat 50,000 off on your next purchase. Shop now at https://paytm.com",0,en,promo,36,synthetic_seed_v1
"நான் ராணுவ அதிகாரி, உங்கள் OLX பொருள் வேண்டும். ரூ 1,00,000 QR மூலம் அனுப்புகிறேன், பெற ஸ்கேன் செய்து அங்கீகரிக்கவும்: http://sbi-verify.xyz/login",1,ta,marketplace_qr_scam,86,synthetic_seed_v1
Kotak சலுகை! இன்று எலெக்ட்ரானிக்ஸ் பொருட்களில் தள்ளுபடி. இப்போது வாங்குங்கள்: https://www.icicibank.com,0,ta,promo,118,synthetic_seed_v1
"PhonePe support here. We noticed a failed transaction. To reverse it, share the OTP 482913 or install our app from https://hdfc-rewards.click/claim. Call 9876543210.",1,en,fake_customer_care,67,synthetic_seed_v1
"हमारे VIP ग्रुप में जुड़ें, 200% रिटर्न पाएं! TradeMax में रु 1,250 जमा करें और 7 दिन में पैसा डबल: https://secure-bank-login.xyz",1,hi_dev,investment_crypto,73,synthetic_seed_v1
"आपका पार्सल कस्टम में रुका है। 24 घंटे में रु 50,000 शुल्क भरें अन्यथा वापस भेज दिया जाएगा: http://paytm-kyc.link/verify",1,hi_dev,delivery_scam,20,synthetic_seed_v1
"प्रिय उपभोक्ता, बिल अपडेट न होने के कारण आज रात आपकी बिजली काट दी जाएगी। तुरंत 1800111 पर संपर्क करें http://bit.ly/win-cash",1,hi_dev,electricity,23,synthetic_seed_v1
You have received Rs 499 from customer via UPI. -Paytm,0,en,upi_legit,87,synthetic_seed_v1
உங்கள் PhonePe கணக்கு முடக்கப்படும். உடனே KYC புதுப்பிக்கவும் இல்லையெனில் கணக்கு நிரந்தரமாக மூடப்படும்: https://kyc-update.top/now,1,ta,kyc,112,synthetic_seed_v1
"Aapka courier customs me ruka hai, isme banned saman hai. 24 ghante me Rs 9,999 clearance bhare warna legal action hoga: https://rbi-refund.gq/form",1,hi_rom,courier_parcel_scam,60,synthetic_seed_v1
"உங்கள் பார்சல் சுங்கத்தில் தடைசெய்யப்பட்ட பொருட்களுடன் நிறுத்தப்பட்டுள்ளது. 24 மணி நேரத்தில் ரூ 50,000 செலுத்தவும் இல்லையெனில் சட்ட நடவடிக்கை: https://secure-bank-login.xyz",1,ta,courier_parcel_scam,62,synthetic_seed_v1
வாழ்த்துக்கள்! நீங்கள் Paytm லக்கி டிராவில் ரூ 999 வென்றுள்ளீர்கள். இப்போது claim செய்யவும்: http://bit.ly/win-cash,1,ta,lottery,114,synthetic_seed_v1
வாழ்த்துக்கள்! நீங்கள் SBI லக்கி டிராவில் ரூ 499 வென்றுள்ளீர்கள். இப்போது claim செய்யவும்: https://hdfc-rewards.click/claim,1,ta,lottery,114,synthetic_seed_v1
"Congrats! Your loan of Rs 9,999 is pre-approved with zero documents. Download RupeeFast and get instant cash: http://paytm-kyc.link/verify",1,en,instant_loan_app,55,synthetic_seed_v1
வாழ்த்துக்கள்! ஆவணம் இல்லாமல் ரூ 999 கடன் முன்அனுமதி பெற்றது. RupeeFast பதிவிறக்கம் செய்து உடனே பணம் பெறுங்கள்: http://paytm-kyc.link/verify,1,ta,instant_loan_app,58,synthetic_seed_v1
HDFC sale shuru! Agli kharidari par 499 ki chhoot. Abhi kharidein https://onlinesbi.sbi,0,hi_rom,promo,37,synthetic_seed_v1
Paytm Sale is live! Flat 499 off on your next purchase. Shop now at https://paytm.com,0,en,promo,36,synthetic_seed_v1
Apna Rs 750 refund paane ke liye UPI request approve karein aur UPI PIN daalein: http://bit.ly/win-cash,1,hi_rom,upi_collect_scam,64,synthetic_seed_v1
आपका रु 750 का रिफंड लंबित है। इसे पाने के लिए बैंक विवरण सत्यापित करें: http://paytm-kyc.link/verify,1,hi_dev,refund,17,synthetic_seed_v1
"प्रिय ग्राहक, आपके खाते XXXXX7766 में रु 1,250 जमा हुए। उपलब्ध शेष अपडेट किया गया। -Axis",0,hi_dev,txn_alert,30,synthetic_seed_v1
"प्रिय ग्राहक, आपका HDFC खाता बंद हो जाएगा। तुरंत KYC अपडेट करें वरना खाता ब्लॉक हो जाएगा: https://rbi-refund.gq/form",1,hi_dev,kyc,4,synthetic_seed_v1
"Badhai ho! Aap Kotak lucky draw me Rs 50,000 jeet gaye hain. Abhi claim karein: http://icici-netbanking.online/auth",1,hi_rom,lottery,12,synthetic_seed_v1
Kotak सपोर्ट से। आपका लेनदेन विफल हुआ है। इसे वापस करने के लिए OTP 482913 बताएं या http://sbi-verify.xyz/login से ऐप इंस्टॉल करें। कॉल 18001234।,1,hi_dev,fake_customer_care,69,synthetic_seed_v1
"நான் ராணுவ அதிகாரி, உங்கள் OLX பொருள் வேண்டும். ரூ 50,000 QR மூலம் அனுப்புகிறேன், பெற ஸ்கேன் செய்து அங்கீகரிக்கவும்: http://sbi-verify.xyz/login",1,ta,marketplace_qr_scam,86,synthetic_seed_v1
"Aapka Rs 50,000 ka refund pending hai. Paane ke liye bank details verify karein: http://sbi-verify.xyz/login",1,hi_rom,refund,16,synthetic_seed_v1
"Aapka courier customs me ruka hai, isme banned saman hai. 24 ghante me Rs 9,999 clearance bhare warna legal action hoga: https://hdfc-rewards.click/claim",1,hi_rom,courier_parcel_scam,60,synthetic_seed_v1
Yaad dilaye: aapka Rs 750 ka bijli bill 5 tarikh ko due hai. Official app se bharein https://www.amazon.in,0,hi_rom,bill_legit,43,synthetic_seed_v1
Aapka PhonePe khata XXXXX7766 suspend kar diya gaya hai. Abhi KYC complete karein: http://bit.ly/win-cash,1,hi_rom,kyc,3,synthetic_seed_v1
आपका पार्सल कस्टम में रुका है। 24 घंटे में रु 499 शुल्क भरें अन्यथा वापस भेज दिया जाएगा: http://bit.ly/win-cash,1,hi_dev,delivery_scam,20,synthetic_seed_v1
உங்கள் ICICI கணக்கு முடக்கப்படும். உடனே KYC புதுப்பிக்கவும் இல்லையெனில் கணக்கு நிரந்தரமாக மூடப்படும்: https://kyc-update.top/now,1,ta,kyc,112,synthetic_seed_v1
Reminder: your electricity bill of Rs 999 is due on 5th. Pay via the official app https://onlinesbi.sbi,0,en,bill_legit,42,synthetic_seed_v1
बधाई! आपका रु 750 का लोन बिना दस्तावेज़ के मंज़ूर हो गया। CashBee डाउनलोड करें और तुरंत पैसे पाएं: https://kyc-update.top/now,1,hi_dev,instant_loan_app,57,synthetic_seed_v1
338190 aapka DigiLocker login OTP hai. 10 minute valid. Kisi ko na batayein. https://www.amazon.in,0,hi_rom,govt_service_legit,94,synthetic_seed_v1
आपको Kavya से UPI के माध्यम से रु 499 प्राप्त हुए हैं। -HDFC,0,hi_dev,upi_legit,89,synthetic_seed_v1
705621 is your OTP for Yes Bank login. Do NOT share it with anyone. -Yes Bank,0,en,otp_legit,32,synthetic_seed_v1
"நான் ராணுவ அதிகாரி, உங்கள் OLX பொருள் வேண்டும். ரூ 2,00,000 QR மூலம் அனுப்புகிறேன், பெற ஸ்கேன் செய்து அங்கீகரிக்கவும்: http://icici-netbanking.online/auth",1,ta,marketplace_qr_scam,86,synthetic_seed_v1
ICICI सुरक्षा: अपना खाता सत्यापित करने के लिए OTP 650017 तुरंत बताएं अन्यथा खाता निष्क्रिय हो जाएगा।,1,hi_dev,otp_scam,9,synthetic_seed_v1
Your FedEx parcel is held at customs and contains banned items. Pay Rs 750 clearance within 24 hours or face legal action: https://rbi-refund.gq/form,1,en,courier_parcel_scam,59,synthetic_seed_v1
HDFC ஆதரவு. உங்கள் பரிவர்த்தனை தோல்வியடைந்தது. மாற்ற OTP 705621 பகிரவும் அல்லது http://paytm-kyc.link/verify இல் இருந்து செயலியை நிறுவவும். 1800111 ஐ அழைக்கவும்.,1,ta,fake_customer_care,70,synthetic_seed_v1
"Reminder: your electricity bill of Rs 1,00,000 is due on 5th. Pay via the official app https://paytm.com",0,en,bill_legit,42,synthetic_seed_v1
"You have received Rs 1,00,000 from ग्राहक via UPI. -ICICI",0,en,upi_legit,87,synthetic_seed_v1
"இது CBI. உங்கள் பெயரில் பணமோசடி வழக்கு பதிவாகியுள்ளது. நீங்கள் டிஜிட்டல் கைது செய்யப்பட்டுள்ளீர்கள், வீடியோ அழைப்பை துண்டிக்காதீர்கள், ரூ 2,00,000 அனுப்பவும்: http://paytm-kyc.link/verify",1,ta,digital_arrest,54,synthetic_seed_v1
"प्रिय उपभोक्ता, बिल अपडेट न होने के कारण आज रात आपकी बिजली काट दी जाएगी। तुरंत 08041234567 पर संपर्क करें https://secure-bank-login.xyz",1,hi_dev,electricity,23,synthetic_seed_v1
"प्रिय ग्राहक, आपका Axis खाता बंद हो जाएगा। तुरंत KYC अपडेट करें वरना खाता ब्लॉक हो जाएगा: https://kyc-update.top/now",1,hi_dev,kyc,4,synthetic_seed_v1
"Dear consumer, your electricity will be disconnected tonight as your bill is not updated. Call 08041234567 immediately https://rbi-refund.gq/form",1,en,electricity,21,synthetic_seed_v1
आपका ऑर्डर डिलीवरी के लिए निकल गया है। डिलीवरी एजेंट को OTP 991204 दें। ट्रैक करें: https://paytm.com,0,hi_dev,ecommerce_legit,92,synthetic_seed_v1
Aaj raat aapki bijli kaat di jayegi kyunki bill update nahi hua. Turant 18001234 par call karein http://bit.ly/win-cash,1,hi_rom,electricity,22,synthetic_seed_v1
"Ghar baithe Rs 9,999 roz kamayein! Seats limited hain. Choti si fees ke saath register karein: http://sbi-verify.xyz/login",1,hi_rom,job_scam,25,synthetic_seed_v1
"Your parcel is held at customs. Pay Rs 9,999 clearance fee within 24 hours or it will be returned: https://hdfc-rewards.click/claim",1,en,delivery_scam,18,synthetic_seed_v1
"आपको Rahul से UPI के माध्यम से रु 9,999 प्राप्त हुए हैं। -SBI",0,hi_dev,upi_legit,89,synthetic_seed_v1
"Hi, your appointment with Dr. Kavya is confirmed for Monday 11 AM at the clinic.",0,en,everyday_legit,96,synthetic_seed_v1
Your refund of Rs 750 is pending. Verify your bank details to receive it: http://paytm-kyc.link/verify,1,en,refund,15,synthetic_seed_v1
"உங்கள் கணக்கு XXXXX0571 இல் ரூ 2,00,000 வரவு வைக்கப்பட்டது. இருப்பு புதுப்பிக்கப்பட்டது. -PhonePe",0,ta,txn_alert,31,synthetic_seed_v1
जरूरी सूचना: आपका ICICI खाता XXXXX1042 केवाईसी अधूरी होने के कारण बंद किया जा रहा है। अभी सत्यापित करें https://secure-bank-login.xyz,1,hi_dev,kyc,5,synthetic_seed_v1
URGENT: Axis A/C XXXXX7766 blocked due to incomplete KYC. Update now to avoid permanent closure http://icici-netbanking.online/auth,1,en,kyc,1,synthetic_seed_v1
Happy birthday Kavya! Wishing you a great year ahead from all of us at the office.,0,en,everyday_legit,100,synthetic_seed_v1
अपना रु 499 रिफंड पाने के लिए UPI रिक्वेस्ट अप्रूव करें और UPI पिन डालें: http://sbi-verify.xyz/login,1,hi_dev,upi_collect_scam,65,synthetic_seed_v1
"आपको Priya से UPI के माध्यम से रु 2,00,000 प्राप्त हुए हैं। -ICICI",0,hi_dev,upi_legit,89,synthetic_seed_v1
650017 உங்கள் Axis உள்நுழைவுக்கான OTP. யாருடனும் பகிர வேண்டாம். -Axis,0,ta,otp_legit,35,synthetic_seed_v1
"यह Cyber Crime Branch है। आपके खाते पर मनी लॉन्ड्रिंग का मामला दर्ज है। आप डिजिटल अरेस्ट में हैं, वीडियो कॉल न काटें और रु 499 वेरिफिकेशन खाते में भेजें: https://hdfc-rewards.click/claim",1,hi_dev,digital_arrest,53,synthetic_seed_v1
आपका बिजली कनेक्शन आज रात कट जाएगा क्योंकि KYC लंबित है। अभी अपडेट करें या 1800111 पर कॉल करें: https://kyc-update.top/now,1,hi_dev,utility_kyc,81,synthetic_seed_v1
"Your Axis reward points worth Rs 1,250 expire TODAY. Redeem instantly here: https://secure-bank-login.xyz",1,en,reward_points_expiry,75,synthetic_seed_v1
Aapka order delivery ke liye nikal gaya hai. Delivery agent ko OTP 705621 dein. Track: https://paytm.com,0,hi_rom,ecommerce_legit,91,synthetic_seed_v1
"Meena, நாளை காலை 10 மணிக்கு கூட்டம் உள்ளது, சரியான நேரத்தில் வாருங்கள்.",0,ta,everyday_legit,109,synthetic_seed_v1
HDFC பாதுகாப்பு: உங்கள் கணக்கை சரிபார்க்க OTP 482913 ஐ உடனே பகிரவும் இல்லையெனில் முடக்கப்படும்.,1,ta,otp_scam,113,synthetic_seed_v1
"Badhai ho! Aap HDFC lucky draw me Rs 1,250 jeet gaye hain. Abhi claim karein: https://hdfc-rewards.click/claim",1,hi_rom,lottery,12,synthetic_seed_v1
"Dear Priya, your A/C XXXXX7766 is credited with Rs 1,250 on 27JUN. Avl Bal updated. -PhonePe",0,en,txn_alert,27,synthetic_seed_v1
"आपके PhonePe रिवॉर्ड पॉइंट्स जिनकी कीमत रु 2,00,000 है आज समाप्त हो रहे हैं। अभी रिडीम करें: http://paytm-kyc.link/verify",1,hi_dev,reward_points_expiry,77,synthetic_seed_v1
SBI सपोर्ट से। आपका लेनदेन विफल हुआ है। इसे वापस करने के लिए OTP 338190 बताएं या http://bit.ly/win-cash से ऐप इंस्टॉल करें। कॉल 9876543210।,1,hi_dev,fake_customer_care,69,synthetic_seed_v1
Axis support se. Aapka transaction fail hua hai. Reverse karne ke liye OTP 650017 batayein ya http://icici-netbanking.online/auth se app install karein. Call 9876543210.,1,hi_rom,fake_customer_care,68,synthetic_seed_v1
உங்கள் Kotak கணக்கு முடக்கப்படும். உடனே KYC புதுப்பிக்கவும் இல்லையெனில் கணக்கு நிரந்தரமாக மூடப்படும்: http://paytm-kyc.link/verify,1,ta,kyc,112,synthetic_seed_v1
"Yes Bank பாதுகாப்பு எச்சரிக்கை: உங்கள் கணக்கை சரிபார்க்க OTP 991204 ஐ பகிரவும், இல்லையெனில் முடக்கப்படும்.",1,ta,otp_scam,10,synthetic_seed_v1
"வாழ்த்துக்கள்! நீங்கள் PhonePe லக்கி டிராவில் ரூ 9,999 வென்றுள்ளீர்கள். இப்போது claim செய்யவும்: https://kyc-update.top/now",1,ta,lottery,114,synthetic_seed_v1
"यह Mumbai Police है। आपके खाते पर मनी लॉन्ड्रिंग का मामला दर्ज है। आप डिजिटल अरेस्ट में हैं, वीडियो कॉल न काटें और रु 499 वेरिफिकेशन खाते में भेजें: https://hdfc-rewards.click/claim",1,hi_dev,digital_arrest,53,synthetic_seed_v1
"बधाई! आपका रु 1,00,000 का लोन बिना दस्तावेज़ के मंज़ूर हो गया। InstaPaisa डाउनलोड करें और तुरंत पैसे पाएं: http://paytm-kyc.link/verify",1,hi_dev,instant_loan_app,57,synthetic_seed_v1
"Aapka Rs 9,999 ka refund pending hai. Paane ke liye bank details verify karein: http://paytm-kyc.link/verify",1,hi_rom,refund,16,synthetic_seed_v1
Your order is out for delivery. Share OTP 650017 with the delivery agent to receive it. Track: https://www.icicibank.com,0,en,ecommerce_legit,90,synthetic_seed_v1
"Paytm sale shuru! Agli kharidari par 1,250 ki chhoot. Abhi kharidein https://netbanking.hdfcbank.com",0,hi_rom,promo,37,synthetic_seed_v1
PhonePe ஆதரவு. உங்கள் பரிவர்த்தனை தோல்வியடைந்தது. மாற்ற OTP 482913 பகிரவும் அல்லது http://icici-netbanking.online/auth இல் இருந்து செயலியை நிறுவவும். 9876543210 ஐ அழைக்கவும்.,1,ta,fake_customer_care,70,synthetic_seed_v1
991204 உங்கள் ICICI உள்நுழைவுக்கான OTP. யாருடனும் பகிர வேண்டாம். -ICICI,0,ta,otp_legit,35,synthetic_seed_v1
बधाई हो! आप Yes Bank लकी ड्रॉ में रु 499 जीत गए हैं। अभी इनाम क्लेम करें: http://sbi-verify.xyz/login,1,hi_dev,lottery,13,synthetic_seed_v1
आपका ऑर्डर डिलीवरी के लिए निकल गया है। डिलीवरी एजेंट को OTP 338190 दें। ट्रैक करें: https://www.icicibank.com,0,hi_dev,ecommerce_legit,92,synthetic_seed_v1
"உங்கள் ரூ 50,000 திரும்பப் பணம் நிலுவையில் உள்ளது. பெற வங்கி விவரங்களை சரிபார்க்கவும்: http://icici-netbanking.online/auth",1,ta,refund,115,synthetic_seed_v1
"ग्राहक, நாளை காலை 10 மணிக்கு கூட்டம் உள்ளது, சரியான நேரத்தில் வாருங்கள்.",0,ta,everyday_legit,109,synthetic_seed_v1
Your refund of Rs 499 is pending. Verify your bank details to receive it: http://icici-netbanking.online/auth,1,en,refund,15,synthetic_seed_v1
650017 உங்கள் PhonePe உள்நுழைவுக்கான OTP. யாருடனும் பகிர வேண்டாம். -PhonePe,0,ta,otp_legit,35,synthetic_seed_v1
"Kotak பாதுகாப்பு எச்சரிக்கை: உங்கள் கணக்கை சரிபார்க்க OTP 650017 ஐ பகிரவும், இல்லையெனில் முடக்கப்படும்.",1,ta,otp_scam,10,synthetic_seed_v1
705621 aapka DigiLocker login OTP hai. 10 minute valid. Kisi ko na batayein. https://netbanking.hdfcbank.com,0,hi_rom,govt_service_legit,94,synthetic_seed_v1
Work from home and earn Rs 750 daily! Limited seats. Register now with a small fee: http://bit.ly/win-cash,1,en,job_scam,24,synthetic_seed_v1
"Aapka courier customs me ruka hai. 24 ghante me Rs 9,999 fees bharein warna wapas chala jayega: http://sbi-verify.xyz/login",1,hi_rom,delivery_scam,19,synthetic_seed_v1
"நான் ராணுவ அதிகாரி, உங்கள் OLX பொருள் வேண்டும். ரூ 50,000 QR மூலம் அனுப்புகிறேன், பெற ஸ்கேன் செய்து அங்கீகரிக்கவும்: http://bit.ly/win-cash",1,ta,marketplace_qr_scam,86,synthetic_seed_v1
Join our VIP group and earn 200% returns! Deposit Rs 999 in InstaPaisa and double your money in 7 days: https://rbi-refund.gq/form,1,en,investment_crypto,71,synthetic_seed_v1
"प्रिय ग्राहक, आपका Kotak खाता बंद हो जाएगा। तुरंत KYC अपडेट करें वरना खाता ब्लॉक हो जाएगा: http://bit.ly/win-cash",1,hi_dev,kyc,4,synthetic_seed_v1
"Customs Department se baat kar rahe hain. Aapke naam par money laundering ka case hai. Aap digital arrest me hain, video call mat kaatiye aur Rs 1,00,000 verification account me bhejiye: http://icici-netbanking.online/auth",1,hi_rom,digital_arrest,52,synthetic_seed_v1
You have received Rs 999 from Rahul via UPI. -SBI,0,en,upi_legit,87,synthetic_seed_v1
"Your PhonePe reward points worth Rs 50,000 expire TODAY. Redeem instantly here: https://kyc-update.top/now",1,en,reward_points_expiry,75,synthetic_seed_v1
"Reminder: your electricity bill of Rs 2,00,000 is due on 5th. Pay via the official app https://www.amazon.in",0,en,bill_legit,42,synthetic_seed_v1
650017 is your OTP for Axis login. Do NOT share it with anyone. -Axis,0,en,otp_legit,32,synthetic_seed_v1
Priya PhonePe account band ho jayega! Turant KYC update karo varna account block ho jayega: https://rbi-refund.gq/form,1,hi_rom,kyc,2,synthetic_seed_v1
"HDFC Sale is live! Flat 1,00,000 off on your next purchase. Shop now at https://onlinesbi.sbi",0,en,promo,36,synthetic_seed_v1
"ग्राहक, kal subah 10 baje meeting hai, time par aa jana.",0,hi_rom,everyday_legit,101,synthetic_seed_v1
"Rs 1,00,000 debited from A/C XXXXX0571 for UPI payment. Not you? Call 08041234567. -HDFC",0,en,txn_alert,28,synthetic_seed_v1
Reminder: your electricity bill of Rs 999 is due on 5th. Pay via the official app https://www.icicibank.com,0,en,bill_legit,42,synthetic_seed_v1
PhonePe सपोर्ट से। आपका लेनदेन विफल हुआ है। इसे वापस करने के लिए OTP 991204 बताएं या http://icici-netbanking.online/auth से ऐप इंस्टॉल करें। कॉल 9876543210।,1,hi_dev,fake_customer_care,69,synthetic_seed_v1
"Your parcel is held at customs. Pay Rs 1,00,000 clearance fee within 24 hours or it will be returned: http://icici-netbanking.online/auth",1,en,delivery_scam,18,synthetic_seed_v1
Paytm சலுகை! இன்று எலெக்ட்ரானிக்ஸ் பொருட்களில் தள்ளுபடி. இப்போது வாங்குங்கள்: https://www.icicibank.com,0,ta,promo,118,synthetic_seed_v1
URGENT: Paytm A/C XXXXX7766 blocked due to incomplete KYC. Update now to avoid permanent closure http://sbi-verify.xyz/login,1,en,kyc,1,synthetic_seed_v1
I am an Army officer interested in your OLX item. I will send Rs 499 via this QR — just scan and approve to receive the money: https://rbi-refund.gq/form,1,en,marketplace_qr_scam,83,synthetic_seed_v1
"To RECEIVE your refund of Rs 1,250, approve the UPI request and enter your UPI PIN now: https://hdfc-rewards.click/claim",1,en,upi_collect_scam,63,synthetic_seed_v1
"Rs 1,250 debited from A/C XXXXX0571 for UPI payment. Not you? Call 08041234567. -PhonePe",0,en,txn_alert,28,synthetic_seed_v1
Aapke Kotak reward points jinki value Rs 999 hai aaj expire ho rahe hain. Abhi redeem karein: https://hdfc-rewards.click/claim,1,hi_rom,reward_points_expiry,76,synthetic_seed_v1
"आपका पार्सल कस्टम में रुका है। 24 घंटे में रु 2,00,000 शुल्क भरें अन्यथा वापस भेज दिया जाएगा: http://sbi-verify.xyz/login",1,hi_dev,delivery_scam,20,synthetic_seed_v1
"ICICI se: account verify karne ke liye OTP 650017 abhi share karein, nahi to account band ho jayega.",1,hi_rom,otp_scam,8,synthetic_seed_v1
Aapka Yes Bank khata XXXXX0571 suspend kar diya gaya hai. Abhi KYC complete karein: https://rbi-refund.gq/form,1,hi_rom,kyc,3,synthetic_seed_v1
जरूरी सूचना: आपका Kotak खाता XXXXX0571 केवाईसी अधूरी होने के कारण बंद किया जा रहा है। अभी सत्यापित करें https://rbi-refund.gq/form,1,hi_dev,kyc,5,synthetic_seed_v1
Aapka courier customs me ruka hai. 24 ghante me Rs 999 fees bharein warna wapas chala jayega: http://icici-netbanking.online/auth,1,hi_rom,delivery_scam,19,synthetic_seed_v1
"Hey Meena, are we still meeting for lunch at 1pm tomorrow?",0,en,chat,45,synthetic_seed_v1
வாழ்த்துக்கள்! ஆவணம் இல்லாமல் ரூ 750 கடன் முன்அனுமதி பெற்றது. LoanKamao பதிவிறக்கம் செய்து உடனே பணம் பெறுங்கள்: http://paytm-kyc.link/verify,1,ta,instant_loan_app,58,synthetic_seed_v1
Aapke HDFC reward points jinki value Rs 999 hai aaj expire ho rahe hain. Abhi redeem karein: http://sbi-verify.xyz/login,1,hi_rom,reward_points_expiry,76,synthetic_seed_v1
"எங்கள் VIP குழுவில் சேருங்கள், 200% லாபம்! TradeMax இல் ரூ 499 டெபாசிட் செய்து 7 நாட்களில் பணத்தை இரட்டிப்பாக்குங்கள்: https://kyc-update.top/now",1,ta,investment_crypto,74,synthetic_seed_v1
991204 உங்கள் SBI உள்நுழைவுக்கான OTP. யாருடனும் பகிர வேண்டாம். -SBI,0,ta,otp_legit,117,synthetic_seed_v1
338190 is your OTP for Paytm login. Do NOT share it with anyone. -Paytm,0,en,otp_legit,32,synthetic_seed_v1
"PhonePe सेल लाइव है! अगली खरीद पर 1,00,000 की छूट। अभी खरीदें https://onlinesbi.sbi",0,hi_dev,promo,38,synthetic_seed_v1
"Aapke khate XXXXX7766 me Rs 50,000 jama hue. Available balance update ho gaya. -HDFC",0,hi_rom,txn_alert,29,synthetic_seed_v1
"வாழ்த்துக்கள்! நீங்கள் ICICI லக்கி டிராவில் ரூ 2,00,000 வென்றுள்ளீர்கள். இப்போது claim செய்யவும்: https://kyc-update.top/now",1,ta,lottery,114,synthetic_seed_v1
Your order is out for delivery. Share OTP 338190 with the delivery agent to receive it. Track: https://www.amazon.in,0,en,ecommerce_legit,90,synthetic_seed_v1
"आपको customer से UPI के माध्यम से रु 50,000 प्राप्त हुए हैं। -HDFC",0,hi_dev,upi_legit,89,synthetic_seed_v1
"SBI support here. We noticed a failed transaction. To reverse it, share the OTP 705621 or install our app from http://bit.ly/win-cash. Call 9876543210.",1,en,fake_customer_care,67,synthetic_seed_v1
"Ghar baithe Rs 50,000 roz kamayein! Seats limited hain. Choti si fees ke saath register karein: http://bit.ly/win-cash",1,hi_rom,job_scam,25,synthetic_seed_v1
650017 உங்கள் Kotak உள்நுழைவுக்கான OTP. யாருடனும் பகிர வேண்டாம். -Kotak,0,ta,otp_legit,35,synthetic_seed_v1
HDFC பாதுகாப்பு: உங்கள் கணக்கை சரிபார்க்க OTP 705621 ஐ உடனே பகிரவும் இல்லையெனில் முடக்கப்படும்.,1,ta,otp_scam,113,synthetic_seed_v1
"Badhai! Aapka Rs 1,250 ka loan bina document ke approve ho gaya. LoanKamao download karein aur turant paisa payein: https://secure-bank-login.xyz",1,hi_rom,instant_loan_app,56,synthetic_seed_v1
"Your Kotak reward points worth Rs 1,00,000 expire TODAY. Redeem instantly here: http://icici-netbanking.online/auth",1,en,reward_points_expiry,75,synthetic_seed_v1
338190 aapka DigiLocker login OTP hai. 10 minute valid. Kisi ko na batayein. https://netbanking.hdfcbank.com,0,hi_rom,govt_service_legit,94,synthetic_seed_v1
"Yaad dilaye: aapka Rs 50,000 ka bijli bill 5 tarikh ko due hai. Official app se bharein https://netbanking.hdfcbank.com",0,hi_rom,bill_legit,43,synthetic_seed_v1
"This is Mumbai Police. Your bank account is linked to a money-laundering case. You are under digital arrest. Stay on this video call and transfer Rs 1,00,000 to the verification account or be arrested: http://icici-netbanking.online/auth",1,en,digital_arrest,50,synthetic_seed_v1
650017 आपका DigiLocker लॉगिन OTP है। 10 मिनट के लिए वैध। किसी को न बताएं। https://www.amazon.in,0,hi_dev,govt_service_legit,95,synthetic_seed_v1
SBI பாதுகாப்பு: உங்கள் கணக்கை சரிபார்க்க OTP 482913 ஐ உடனே பகிரவும் இல்லையெனில் முடக்கப்படும்.,1,ta,otp_scam,113,synthetic_seed_v1
Aapka PhonePe khata XXXXX0571 suspend kar diya gaya hai. Abhi KYC complete karein: http://sbi-verify.xyz/login,1,hi_rom,kyc,3,synthetic_seed_v1
வாழ்த்துக்கள்! நீங்கள் Kotak லக்கி டிராவில் ரூ 999 வென்றுள்ளீர்கள். இப்போது claim செய்யவும்: https://kyc-update.top/now,1,ta,lottery,114,synthetic_seed_v1
"यह Mumbai Police है। आपके खाते पर मनी लॉन्ड्रिंग का मामला दर्ज है। आप डिजिटल अरेस्ट में हैं, वीडियो कॉल न काटें और रु 999 वेरिफिकेशन खाते में भेजें: https://hdfc-rewards.click/claim",1,hi_dev,digital_arrest,53,synthetic_seed_v1
"Apna Rs 1,250 refund paane ke liye UPI request approve karein aur UPI PIN daalein: https://kyc-update.top/now",1,hi_rom,upi_collect_scam,64,synthetic_seed_v1
338190 आपके HDFC लॉगिन के लिए OTP है। इसे किसी के साथ साझा न करें। -HDFC,0,hi_dev,otp_legit,34,synthetic_seed_v1
"வாழ்த்துக்கள்! நீங்கள் HDFC லக்கி டிராவில் ரூ 50,000 வென்றுள்ளீர்கள். இப்போது claim செய்யவும்: https://kyc-update.top/now",1,ta,lottery,14,synthetic_seed_v1
Income Tax Department notice: a parcel with illegal items was seized in your name. Call 08041234567 immediately and do NOT disconnect. Pay Rs 750 for case clearance: http://bit.ly/win-cash,1,en,digital_arrest,51,synthetic_seed_v1
Aapka Rs 499 ka refund pending hai. Paane ke liye bank details verify karein: https://rbi-refund.gq/form,1,hi_rom,refund,16,synthetic_seed_v1
உங்கள் கணக்கு XXXXX8830 இல் ரூ 499 வரவு வைக்கப்பட்டது. இருப்பு புதுப்பிக்கப்பட்டது. -Paytm,0,ta,txn_alert,116,synthetic_seed_v1
URGENT: PhonePe A/C XXXXX0571 blocked due to incomplete KYC. Update now to avoid permanent closure https://kyc-update.top/now,1,en,kyc,1,synthetic_seed_v1
"Dear ग्राहक, your A/C XXXXX8830 is credited with Rs 2,00,000 on 27JUN. Avl Bal updated. -Yes Bank",0,en,txn_alert,27,synthetic_seed_v1
"बधाई हो! आप Paytm लकी ड्रॉ में रु 1,00,000 जीत गए हैं। अभी इनाम क्लेम करें: http://sbi-verify.xyz/login",1,hi_dev,lottery,13,synthetic_seed_v1
"உங்கள் ரூ 9,999 திரும்பப் பெற UPI கோரிக்கையை அங்கீகரித்து UPI பின்னை உள்ளிடவும்: http://bit.ly/win-cash",1,ta,upi_collect_scam,66,synthetic_seed_v1
482913 உங்கள் Axis உள்நுழைவுக்கான OTP. யாருடனும் பகிர வேண்டாம். -Axis,0,ta,otp_legit,117,synthetic_seed_v1
"ஹாய் Rahul, நாளை மதியம் 1 மணிக்கு சந்திக்கலாமா?",0,ta,chat,49,synthetic_seed_v1
"Ghar baithe Rs 1,00,000 roz kamayein! Seats limited hain. Choti si fees ke saath register karein: http://paytm-kyc.link/verify",1,hi_rom,job_scam,25,synthetic_seed_v1
"घर बैठे रोज रु 1,250 कमाएं! सीटें सीमित हैं। छोटी सी फीस देकर अभी रजिस्टर करें: http://bit.ly/win-cash",1,hi_dev,job_scam,26,synthetic_seed_v1
"हमारे VIP ग्रुप में जुड़ें, 200% रिटर्न पाएं! QuickRupee में रु 2,00,000 जमा करें और 7 दिन में पैसा डबल: http://sbi-verify.xyz/login",1,hi_dev,investment_crypto,73,synthetic_seed_v1
Your electricity connection will be disconnected tonight as your KYC is pending. Update now or call 18001234: https://rbi-refund.gq/form,1,en,utility_kyc,79,synthetic_seed_v1
"TRAI se baat kar rahe hain. Aapke naam par money laundering ka case hai. Aap digital arrest me hain, video call mat kaatiye aur Rs 2,00,000 verification account me bhejiye: https://hdfc-rewards.click/claim",1,hi_rom,digital_arrest,52,synthetic_seed_v1
अपना रु 499 रिफंड पाने के लिए UPI रिक्वेस्ट अप्रूव करें और UPI पिन डालें: https://secure-bank-login.xyz,1,hi_dev,upi_collect_scam,65,synthetic_seed_v1
"आपके Paytm रिवॉर्ड पॉइंट्स जिनकी कीमत रु 50,000 है आज समाप्त हो रहे हैं। अभी रिडीम करें: http://icici-netbanking.online/auth",1,hi_dev,reward_points_expiry,77,synthetic_seed_v1
Aapka bijli connection aaj raat kat jayega kyunki KYC pending hai. Abhi update karein ya 1800111 par call karein: http://icici-netbanking.online/auth,1,hi_rom,utility_kyc,80,synthetic_seed_v1
"Narcotics Control Bureau notice: a parcel with illegal items was seized in your name. Call 9876543210 immediately and do NOT disconnect. Pay Rs 1,250 for case clearance: https://hdfc-rewards.click/claim",1,en,digital_arrest,51,synthetic_seed_v1
"मैं आर्मी अफसर हूं, आपका OLX सामान चाहिए। रु 1,250 QR से भेज रहा हूं, पाने के लिए स्कैन करके अप्रूव करें: https://hdfc-rewards.click/claim",1,hi_dev,marketplace_qr_scam,85,synthetic_seed_v1
"Narcotics Control Bureau notice: a parcel with illegal items was seized in your name. Call 9876543210 immediately and do NOT disconnect. Pay Rs 1,00,000 for case clearance: https://rbi-refund.gq/form",1,en,digital_arrest,51,synthetic_seed_v1
"Apna Rs 50,000 refund paane ke liye UPI request approve karein aur UPI PIN daalein: http://icici-netbanking.online/auth",1,hi_rom,upi_collect_scam,64,synthetic_seed_v1
"SBI security alert: share the OTP 650017 sent to your phone to verify your account, else it will be deactivated.",1,en,otp_scam,7,synthetic_seed_v1
"Aapka courier customs me ruka hai, isme banned saman hai. 24 ghante me Rs 1,00,000 clearance bhare warna legal action hoga: https://kyc-update.top/now",1,hi_rom,courier_parcel_scam,60,synthetic_seed_v1
Your Axis reward points worth Rs 499 expire TODAY. Redeem instantly here: https://kyc-update.top/now,1,en,reward_points_expiry,75,synthetic_seed_v1
"PhonePe பாதுகாப்பு எச்சரிக்கை: உங்கள் கணக்கை சரிபார்க்க OTP 338190 ஐ பகிரவும், இல்லையெனில் முடக்கப்படும்.",1,ta,otp_scam,10,synthetic_seed_v1
உங்கள் Kotak கணக்கு முடக்கப்படும். உடனே KYC புதுப்பிக்கவும் இல்லையெனில் கணக்கு நிரந்தரமாக மூடப்படும்: http://icici-netbanking.online/auth,1,ta,kyc,112,synthetic_seed_v1
"Priya, कल सुबह 10 बजे मीटिंग है, समय पर आ जाना।",0,hi_dev,everyday_legit,105,synthetic_seed_v1
338190 आपके Paytm लॉगिन के लिए OTP है। इसे किसी के साथ साझा न करें। -Paytm,0,hi_dev,otp_legit,34,synthetic_seed_v1
"Your FedEx parcel is held at customs and contains banned items. Pay Rs 2,00,000 clearance within 24 hours or face legal action: https://rbi-refund.gq/form",1,en,courier_parcel_scam,59,synthetic_seed_v1
991204 aapka DigiLocker login OTP hai. 10 minute valid. Kisi ko na batayein. https://www.icicibank.com,0,hi_rom,govt_service_legit,94,synthetic_seed_v1
"This is Narcotics Control Bureau. Your bank account is linked to a money-laundering case. You are under digital arrest. Stay on this video call and transfer Rs 1,250 to the verification account or be arrested: https://hdfc-rewards.click/claim",1,en,digital_arrest,50,synthetic_seed_v1
"ICICI Sale is live! Flat 2,00,000 off on your next purchase. Shop now at https://www.icicibank.com",0,en,promo,36,synthetic_seed_v1
"வாழ்த்துக்கள்! நீங்கள் PhonePe லக்கி டிராவில் ரூ 50,000 வென்றுள்ளீர்கள். இப்போது claim செய்யவும்: http://icici-netbanking.online/auth",1,ta,lottery,114,synthetic_seed_v1
ரூ 499 மதிப்புள்ள உங்கள் PhonePe வெகுமதி புள்ளிகள் இன்று காலாவதியாகின்றன. இப்போது மீட்டெடுக்கவும்: http://icici-netbanking.online/auth,1,ta,reward_points_expiry,78,synthetic_seed_v1
"Dear consumer, your electricity will be disconnected tonight as your bill is not updated. Call 1800111 immediately http://paytm-kyc.link/verify",1,en,electricity,21,synthetic_seed_v1
"Badhai ho! Aap PhonePe lucky draw me Rs 1,00,000 jeet gaye hain. Abhi claim karein: http://icici-netbanking.online/auth",1,hi_rom,lottery,12,synthetic_seed_v1
Yes Bank சலுகை! இன்று எலெக்ட்ரானிக்ஸ் பொருட்களில் தள்ளுபடி. இப்போது வாங்குங்கள்: https://netbanking.hdfcbank.com,0,ta,promo,118,synthetic_seed_v1
"Reminder: your electricity bill of Rs 1,00,000 is due on 5th. Pay via the official app https://www.icicibank.com",0,en,bill_legit,42,synthetic_seed_v1
"வாழ்த்துக்கள்! ஆவணம் இல்லாமல் ரூ 9,999 கடன் முன்அனுமதி பெற்றது. LoanKamao பதிவிறக்கம் செய்து உடனே பணம் பெறுங்கள்: http://sbi-verify.xyz/login",1,ta,instant_loan_app,58,synthetic_seed_v1
"Dear Kavya, your HDFC account is suspended. Complete KYC immediately or your account will be blocked: https://kyc-update.top/now",1,en,kyc,0,synthetic_seed_v1
Paytm பாதுகாப்பு: உங்கள் கணக்கை சரிபார்க்க OTP 650017 ஐ உடனே பகிரவும் இல்லையெனில் முடக்கப்படும்.,1,ta,otp_scam,113,synthetic_seed_v1
"Rahul, kal subah 10 baje meeting hai, time par aa jana.",0,hi_rom,everyday_legit,101,synthetic_seed_v1
"आपका कूरियर कस्टम में रुका है और इसमें प्रतिबंधित सामान है। 24 घंटे में रु 9,999 क्लीयरेंस भरें वरना कानूनी कार्रवाई होगी: http://icici-netbanking.online/auth",1,hi_dev,courier_parcel_scam,61,synthetic_seed_v1
705621 உங்கள் Yes Bank உள்நுழைவுக்கான OTP. யாருடனும் பகிர வேண்டாம். -Yes Bank,0,ta,otp_legit,117,synthetic_seed_v1
अनुस्मारक: आपका रु 999 का बिजली बिल 5 तारीख को देय है। आधिकारिक ऐप से भुगतान करें https://paytm.com,0,hi_dev,bill_legit,44,synthetic_seed_v1
வாழ்த்துக்கள்! நீங்கள் SBI லக்கி டிராவில் ரூ 999 வென்றுள்ளீர்கள். இப்போது claim செய்யவும்: https://kyc-update.top/now,1,ta,lottery,114,synthetic_seed_v1
Priya PhonePe account band ho jayega! Turant KYC update karo varna account block ho jayega: http://bit.ly/win-cash,1,hi_rom,kyc,2,synthetic_seed_v1
"बधाई हो! आप Paytm लकी ड्रॉ में रु 1,00,000 जीत गए हैं। अभी इनाम क्लेम करें: https://hdfc-rewards.click/claim",1,hi_dev,lottery,13,synthetic_seed_v1
"Main Army officer hoon, aapka OLX saman chahiye. Rs 50,000 QR se bhej raha hoon, receive karne ke liye scan karke approve karein: https://secure-bank-login.xyz",1,hi_rom,marketplace_qr_scam,84,synthetic_seed_v1
Aapka order delivery ke liye nikal gaya hai. Delivery agent ko OTP 338190 dein. Track: https://netbanking.hdfcbank.com,0,hi_rom,ecommerce_legit,91,synthetic_seed_v1
338190 உங்கள் ICICI உள்நுழைவுக்கான OTP. யாருடனும் பகிர வேண்டாம். -ICICI,0,ta,otp_legit,35,synthetic_seed_v1
"Ghar baithe Rs 1,250 roz kamayein! Seats limited hain. Choti si fees ke saath register karein: https://secure-bank-login.xyz",1,hi_rom,job_scam,25,synthetic_seed_v1
"Aapko Suresh se UPI ke through Rs 1,00,000 mile hain. -Paytm",0,hi_rom,upi_legit,88,synthetic_seed_v1
Yes Bank support se. Aapka transaction fail hua hai. Reverse karne ke liye OTP 338190 batayein ya http://sbi-verify.xyz/login se app install karein. Call 9876543210.,1,hi_rom,fake_customer_care,68,synthetic_seed_v1
Aapka courier customs me ruka hai. 24 ghante me Rs 750 fees bharein warna wapas chala jayega: https://kyc-update.top/now,1,hi_rom,delivery_scam,19,synthetic_seed_v1
"Hamare VIP group me judein, 200% return paayein! LoanKamao me Rs 999 jama karein aur 7 din me paisa double: https://kyc-update.top/now",1,hi_rom,investment_crypto,72,synthetic_seed_v1
Badhai! Aapka Rs 999 ka loan bina document ke approve ho gaya. TradeMax download karein aur turant paisa payein: http://sbi-verify.xyz/login,1,hi_rom,instant_loan_app,56,synthetic_seed_v1
"Dear Suresh, your A/C XXXXX8830 is credited with Rs 999 on 27JUN. Avl Bal updated. -Kotak",0,en,txn_alert,27,synthetic_seed_v1
"Dear Rahul, your ICICI account is suspended. Complete KYC immediately or your account will be blocked: https://rbi-refund.gq/form",1,en,kyc,0,synthetic_seed_v1
"Aapke SBI reward points jinki value Rs 9,999 hai aaj expire ho rahe hain. Abhi redeem karein: https://hdfc-rewards.click/claim",1,hi_rom,reward_points_expiry,76,synthetic_seed_v1
SBI ஆதரவு. உங்கள் பரிவர்த்தனை தோல்வியடைந்தது. மாற்ற OTP 338190 பகிரவும் அல்லது http://icici-netbanking.online/auth இல் இருந்து செயலியை நிறுவவும். 08041234567 ஐ அழைக்கவும்.,1,ta,fake_customer_care,70,synthetic_seed_v1
வாழ்த்துக்கள்! நீங்கள் ICICI லக்கி டிராவில் ரூ 499 வென்றுள்ளீர்கள். இப்போது claim செய்யவும்: https://kyc-update.top/now,1,ta,lottery,14,synthetic_seed_v1
"Dear Arjun, your A/C XXXXX3917 is credited with Rs 750 on 27JUN. Avl Bal updated. -Paytm",0,en,txn_alert,27,synthetic_seed_v1
"Yes Bank பாதுகாப்பு எச்சரிக்கை: உங்கள் கணக்கை சரிபார்க்க OTP 482913 ஐ பகிரவும், இல்லையெனில் முடக்கப்படும்.",1,ta,otp_scam,10,synthetic_seed_v1
"Yes Bank Sale is live! Flat 9,999 off on your next purchase. Shop now at https://www.amazon.in",0,en,promo,36,synthetic_seed_v1
"बधाई! आपका रु 50,000 का लोन बिना दस्तावेज़ के मंज़ूर हो गया। CashBee डाउनलोड करें और तुरंत पैसे पाएं: https://rbi-refund.gq/form",1,hi_dev,instant_loan_app,57,synthetic_seed_v1
உங்கள் Paytm கணக்கு முடக்கப்படும்! உடனடியாக KYC புதுப்பிக்கவும் இல்லையெனில் கணக்கு நிரந்தரமாக மூடப்படும்: http://bit.ly/win-cash,1,ta,kyc,6,synthetic_seed_v1
Happy birthday Arjun! Wishing you a great year ahead from all of us at the office.,0,en,everyday_legit,100,synthetic_seed_v1
"आपके Yes Bank रिवॉर्ड पॉइंट्स जिनकी कीमत रु 2,00,000 है आज समाप्त हो रहे हैं। अभी रिडीम करें: https://secure-bank-login.xyz",1,hi_dev,reward_points_expiry,77,synthetic_seed_v1
"Paytm support here. We noticed a failed transaction. To reverse it, share the OTP 705621 or install our app from http://bit.ly/win-cash. Call 9876543210.",1,en,fake_customer_care,67,synthetic_seed_v1
"எங்கள் VIP குழுவில் சேருங்கள், 200% லாபம்! QuickRupee இல் ரூ 499 டெபாசிட் செய்து 7 நாட்களில் பணத்தை இரட்டிப்பாக்குங்கள்: https://rbi-refund.gq/form",1,ta,investment_crypto,74,synthetic_seed_v1
"बधाई! आपका रु 1,250 का लोन बिना दस्तावेज़ के मंज़ूर हो गया। LoanKamao डाउनलोड करें और तुरंत पैसे पाएं: http://paytm-kyc.link/verify",1,hi_dev,instant_loan_app,57,synthetic_seed_v1
Rs 999 debited from A/C XXXXX8830 for UPI payment. Not you? Call 08041234567. -Paytm,0,en,txn_alert,28,synthetic_seed_v1
HDFC सेल लाइव है! अगली खरीद पर 499 की छूट। अभी खरीदें https://www.icicibank.com,0,hi_dev,promo,38,synthetic_seed_v1
உங்கள் SBI கணக்கு முடக்கப்படும்! உடனடியாக KYC புதுப்பிக்கவும் இல்லையெனில் கணக்கு நிரந்தரமாக மூடப்படும்: http://bit.ly/win-cash,1,ta,kyc,6,synthetic_seed_v1
"ICICI security alert: share the OTP 991204 sent to your phone to verify your account, else it will be deactivated.",1,en,otp_scam,7,synthetic_seed_v1
"Cyber Crime Branch se baat kar rahe hain. Aapke naam par money laundering ka case hai. Aap digital arrest me hain, video call mat kaatiye aur Rs 750 verification account me bhejiye: http://paytm-kyc.link/verify",1,hi_rom,digital_arrest,52,synthetic_seed_v1
"ஹாய் Rahul, நாளை மதியம் ஒன்றாக சந்திக்கலாமா?",0,ta,chat,119,synthetic_seed_v1
"Your FedEx parcel is held at customs and contains banned items. Pay Rs 1,00,000 clearance within 24 hours or face legal action: http://bit.ly/win-cash",1,en,courier_parcel_scam,59,synthetic_seed_v1
Happy birthday Suresh! Wishing you a great year ahead from all of us at the office.,0,en,everyday_legit,100,synthetic_seed_v1
Your order is out for delivery and will arrive today. Track at https://paytm.com,0,en,delivery_legit,39,synthetic_seed_v1
"உங்கள் கணக்கு XXXXX0571 இல் ரூ 9,999 வரவு வைக்கப்பட்டது. இருப்பு புதுப்பிக்கப்பட்டது. -Kotak",0,ta,txn_alert,31,synthetic_seed_v1
482913 आपके Kotak लॉगिन के लिए OTP है। इसे किसी के साथ साझा न करें। -Kotak,0,hi_dev,otp_legit,34,synthetic_seed_v1
आपका बिजली कनेक्शन आज रात कट जाएगा क्योंकि KYC लंबित है। अभी अपडेट करें या 18001234 पर कॉल करें: http://icici-netbanking.online/auth,1,hi_dev,utility_kyc,81,synthetic_seed_v1
Your electricity connection will be disconnected tonight as your KYC is pending. Update now or call 1800111: https://secure-bank-login.xyz,1,en,utility_kyc,79,synthetic_seed_v1
आपका ऑर्डर डिलीवरी के लिए निकल गया है। डिलीवरी एजेंट को OTP 705621 दें। ट्रैक करें: https://www.amazon.in,0,hi_dev,ecommerce_legit,92,synthetic_seed_v1
உங்கள் SBI கணக்கு முடக்கப்படும்! உடனடியாக KYC புதுப்பிக்கவும் இல்லையெனில் கணக்கு நிரந்தரமாக மூடப்படும்: https://kyc-update.top/now,1,ta,kyc,6,synthetic_seed_v1
"Meena, कल सुबह 10 बजे मीटिंग है, समय पर आ जाना।",0,hi_dev,everyday_legit,105,synthetic_seed_v1
"Dear consumer, your electricity will be disconnected tonight as your bill is not updated. Call 08041234567 immediately http://paytm-kyc.link/verify",1,en,electricity,21,synthetic_seed_v1
உங்கள் ரூ 750 திரும்பப் பணம் நிலுவையில் உள்ளது. பெற வங்கி விவரங்களை சரிபார்க்கவும்: http://bit.ly/win-cash,1,ta,refund,115,synthetic_seed_v1
"வாழ்த்துக்கள்! ஆவணம் இல்லாமல் ரூ 1,00,000 கடன் முன்அனுமதி பெற்றது. QuickRupee பதிவிறக்கம் செய்து உடனே பணம் பெறுங்கள்: http://sbi-verify.xyz/login",1,ta,instant_loan_app,58,synthetic_seed_v1
"Aapke khate XXXXX0571 me Rs 2,00,000 jama hue. Available balance update ho gaya. -Yes Bank",0,hi_rom,txn_alert,29,synthetic_seed_v1
ரூ 499 மதிப்புள்ள உங்கள் SBI வெகுமதி புள்ளிகள் இன்று காலாவதியாகின்றன. இப்போது மீட்டெடுக்கவும்: https://secure-bank-login.xyz,1,ta,reward_points_expiry,78,synthetic_seed_v1
705621 is your OTP for HDFC login. Do NOT share it with anyone. -HDFC,0,en,otp_legit,32,synthetic_seed_v1
உங்கள் Axis கணக்கு முடக்கப்படும்! உடனடியாக KYC புதுப்பிக்கவும் இல்லையெனில் கணக்கு நிரந்தரமாக மூடப்படும்: https://hdfc-rewards.click/claim,1,ta,kyc,6,synthetic_seed_v1
705621 is your OTP for ICICI login. Do NOT share it with anyone. -ICICI,0,en,otp_legit,32,synthetic_seed_v1
"प्रिय ग्राहक, आपका Yes Bank खाता बंद हो जाएगा। तुरंत KYC अपडेट करें वरना खाता ब्लॉक हो जाएगा: https://rbi-refund.gq/form",1,hi_dev,kyc,4,synthetic_seed_v1
"Join our VIP group and earn 200% returns! Deposit Rs 9,999 in CashBee and double your money in 7 days: http://sbi-verify.xyz/login",1,en,investment_crypto,71,synthetic_seed_v1
आपके ICICI रिवॉर्ड पॉइंट्स जिनकी कीमत रु 499 है आज समाप्त हो रहे हैं। अभी रिडीम करें: https://kyc-update.top/now,1,hi_dev,reward_points_expiry,77,synthetic_seed_v1
"Dear Rahul, your A/C XXXXX7766 is credited with Rs 1,00,000 on 27JUN. Avl Bal updated. -Paytm",0,en,txn_alert,27,synthetic_seed_v1
"உங்கள் ரூ 2,00,000 திரும்பப் பெற UPI கோரிக்கையை அங்கீகரித்து UPI பின்னை உள்ளிடவும்: http://bit.ly/win-cash",1,ta,upi_collect_scam,66,synthetic_seed_v1
"बधाई हो! आप Kotak लकी ड्रॉ में रु 9,999 जीत गए हैं। अभी इनाम क्लेम करें: https://hdfc-rewards.click/claim",1,hi_dev,lottery,13,synthetic_seed_v1
705621 aapka Axis login OTP hai. Ise kisi ke saath share na karein. -Axis,0,hi_rom,otp_legit,33,synthetic_seed_v1
"ICICI se: account verify karne ke liye OTP 991204 abhi share karein, nahi to account band ho jayega.",1,hi_rom,otp_scam,8,synthetic_seed_v1
ICICI सपोर्ट से। आपका लेनदेन विफल हुआ है। इसे वापस करने के लिए OTP 991204 बताएं या http://paytm-kyc.link/verify से ऐप इंस्टॉल करें। कॉल 9876543210।,1,hi_dev,fake_customer_care,69,synthetic_seed_v1
घर बैठे रोज रु 999 कमाएं! सीटें सीमित हैं। छोटी सी फीस देकर अभी रजिस्टर करें: http://icici-netbanking.online/auth,1,hi_dev,job_scam,26,synthetic_seed_v1
"यह Cyber Crime Branch है। आपके खाते पर मनी लॉन्ड्रिंग का मामला दर्ज है। आप डिजिटल अरेस्ट में हैं, वीडियो कॉल न काटें और रु 499 वेरिफिकेशन खाते में भेजें: http://sbi-verify.xyz/login",1,hi_dev,digital_arrest,53,synthetic_seed_v1
"Apna Rs 9,999 refund paane ke liye UPI request approve karein aur UPI PIN daalein: https://rbi-refund.gq/form",1,hi_rom,upi_collect_scam,64,synthetic_seed_v1
"Main Army officer hoon, aapka OLX saman chahiye. Rs 9,999 QR se bhej raha hoon, receive karne ke liye scan karke approve karein: http://bit.ly/win-cash",1,hi_rom,marketplace_qr_scam,84,synthetic_seed_v1
"Apna Rs 9,999 refund paane ke liye UPI request approve karein aur UPI PIN daalein: https://hdfc-rewards.click/claim",1,hi_rom,upi_collect_scam,64,synthetic_seed_v1
"Dear Arjun, your ICICI account is suspended. Complete KYC immediately or your account will be blocked: https://secure-bank-login.xyz",1,en,kyc,0,synthetic_seed_v1
"ஹாய் Priya, நாளை மதியம் 1 மணிக்கு சந்திக்கலாமா?",0,ta,chat,49,synthetic_seed_v1
"Join our VIP group and earn 200% returns! Deposit Rs 1,00,000 in QuickRupee and double your money in 7 days: https://secure-bank-login.xyz",1,en,investment_crypto,71,synthetic_seed_v1
உங்கள் பார்சல் சுங்கத்தில் தடைசெய்யப்பட்ட பொருட்களுடன் நிறுத்தப்பட்டுள்ளது. 24 மணி நேரத்தில் ரூ 750 செலுத்தவும் இல்லையெனில் சட்ட நடவடிக்கை: https://kyc-update.top/now,1,ta,courier_parcel_scam,62,synthetic_seed_v1
650017 is your OTP for DigiLocker login. Valid for 10 minutes. Do not share it. https://netbanking.hdfcbank.com,0,en,govt_service_legit,93,synthetic_seed_v1
Apna Rs 499 refund paane ke liye UPI request approve karein aur UPI PIN daalein: http://paytm-kyc.link/verify,1,hi_rom,upi_collect_scam,64,synthetic_seed_v1
"Yes Bank support here. We noticed a failed transaction. To reverse it, share the OTP 991204 or install our app from https://secure-bank-login.xyz. Call 1800111.",1,en,fake_customer_care,67,synthetic_seed_v1
"प्रिय ग्राहक, आपके खाते XXXXX1042 में रु 499 जमा हुए। उपलब्ध शेष अपडेट किया गया। -Yes Bank",0,hi_dev,txn_alert,30,synthetic_seed_v1
"Aapka courier customs me ruka hai, isme banned saman hai. 24 ghante me Rs 50,000 clearance bhare warna legal action hoga: http://bit.ly/win-cash",1,hi_rom,courier_parcel_scam,60,synthetic_seed_v1
உங்கள் ரூ 499 திரும்பப் பணம் நிலுவையில் உள்ளது. பெற வங்கி விவரங்களை சரிபார்க்கவும்: http://sbi-verify.xyz/login,1,ta,refund,115,synthetic_seed_v1
"अरे Kavya, कल दोपहर 1 बजे लंच पर मिल रहे हैं ना?",0,hi_dev,chat,48,synthetic_seed_v1
Aapka bijli connection aaj raat kat jayega kyunki KYC pending hai. Abhi update karein ya 9876543210 par call karein: https://hdfc-rewards.click/claim,1,hi_rom,utility_kyc,80,synthetic_seed_v1
650017 आपका DigiLocker लॉगिन OTP है। 10 मिनट के लिए वैध। किसी को न बताएं। https://netbanking.hdfcbank.com,0,hi_dev,govt_service_legit,95,synthetic_seed_v1
உங்கள் கணக்கு XXXXX7766 இல் ரூ 999 வரவு வைக்கப்பட்டது. இருப்பு புதுப்பிக்கப்பட்டது. -Axis,0,ta,txn_alert,31,synthetic_seed_v1
PhonePe ஆதரவு. உங்கள் பரிவர்த்தனை தோல்வியடைந்தது. மாற்ற OTP 482913 பகிரவும் அல்லது http://bit.ly/win-cash இல் இருந்து செயலியை நிறுவவும். 18001234 ஐ அழைக்கவும்.,1,ta,fake_customer_care,70,synthetic_seed_v1
"Arjun, நாளை காலை 10 மணிக்கு கூட்டம் உள்ளது, சரியான நேரத்தில் வாருங்கள்.",0,ta,everyday_legit,109,synthetic_seed_v1
"Badhai! Aapka Rs 1,00,000 ka loan bina document ke approve ho gaya. InstaPaisa download karein aur turant paisa payein: https://secure-bank-login.xyz",1,hi_rom,instant_loan_app,56,synthetic_seed_v1
"मैं आर्मी अफसर हूं, आपका OLX सामान चाहिए। रु 750 QR से भेज रहा हूं, पाने के लिए स्कैन करके अप्रूव करें: http://paytm-kyc.link/verify",1,hi_dev,marketplace_qr_scam,85,synthetic_seed_v1
Aapka bijli connection aaj raat kat jayega kyunki KYC pending hai. Abhi update karein ya 9876543210 par call karein: https://kyc-update.top/now,1,hi_rom,utility_kyc,80,synthetic_seed_v1
Your refund of Rs 999 is pending. Verify your bank details to receive it: http://sbi-verify.xyz/login,1,en,refund,15,synthetic_seed_v1
"अपना रु 50,000 रिफंड पाने के लिए UPI रिक्वेस्ट अप्रूव करें और UPI पिन डालें: https://hdfc-rewards.click/claim",1,hi_dev,upi_collect_scam,65,synthetic_seed_v1
HDFC सपोर्ट से। आपका लेनदेन विफल हुआ है। इसे वापस करने के लिए OTP 705621 बताएं या http://paytm-kyc.link/verify से ऐप इंस्टॉल करें। कॉल 18001234।,1,hi_dev,fake_customer_care,69,synthetic_seed_v1
Axis சலுகை! இன்று எலெக்ட்ரானிக்ஸ் பொருட்களில் தள்ளுபடி. இப்போது வாங்குங்கள்: https://www.amazon.in,0,ta,promo,118,synthetic_seed_v1
482913 aapka Paytm login OTP hai. Ise kisi ke saath share na karein. -Paytm,0,hi_rom,otp_legit,33,synthetic_seed_v1
உங்கள் கணக்கு XXXXX0571 இல் ரூ 999 வரவு வைக்கப்பட்டது. இருப்பு புதுப்பிக்கப்பட்டது. -Axis,0,ta,txn_alert,31,synthetic_seed_v1
"உங்கள் ரூ 1,00,000 திரும்பப் பெற UPI கோரிக்கையை அங்கீகரித்து UPI பின்னை உள்ளிடவும்: https://secure-bank-login.xyz",1,ta,upi_collect_scam,66,synthetic_seed_v1
ரூ 499 மதிப்புள்ள உங்கள் HDFC வெகுமதி புள்ளிகள் இன்று காலாவதியாகின்றன. இப்போது மீட்டெடுக்கவும்: http://bit.ly/win-cash,1,ta,reward_points_expiry,78,synthetic_seed_v1
Priya SBI account band ho jayega! Turant KYC update karo varna account block ho jayega: http://sbi-verify.xyz/login,1,hi_rom,kyc,2,synthetic_seed_v1
"प्रिय ग्राहक, आपके खाते XXXXX8830 में रु 1,00,000 जमा हुए। उपलब्ध शेष अपडेट किया गया। -PhonePe",0,hi_dev,txn_alert,30,synthetic_seed_v1
"HDFC सेल लाइव है! अगली खरीद पर 1,250 की छूट। अभी खरीदें https://netbanking.hdfcbank.com",0,hi_dev,promo,38,synthetic_seed_v1
Your electricity connection will be disconnected tonight as your KYC is pending. Update now or call 9876543210: https://secure-bank-login.xyz,1,en,utility_kyc,79,synthetic_seed_v1
"எங்கள் VIP குழுவில் சேருங்கள், 200% லாபம்! InstaPaisa இல் ரூ 999 டெபாசிட் செய்து 7 நாட்களில் பணத்தை இரட்டிப்பாக்குங்கள்: http://paytm-kyc.link/verify",1,ta,investment_crypto,74,synthetic_seed_v1
Aapka SBI khata XXXXX7766 suspend kar diya gaya hai. Abhi KYC complete karein: https://kyc-update.top/now,1,hi_rom,kyc,3,synthetic_seed_v1
"Your refund of Rs 2,00,000 is pending. Verify your bank details to receive it: http://paytm-kyc.link/verify",1,en,refund,15,synthetic_seed_v1
बधाई हो! आप Paytm लकी ड्रॉ में रु 499 जीत गए हैं। अभी इनाम क्लेम करें: https://secure-bank-login.xyz,1,hi_dev,lottery,13,synthetic_seed_v1
"Join our VIP group and earn 200% returns! Deposit Rs 9,999 in QuickRupee and double your money in 7 days: http://sbi-verify.xyz/login",1,en,investment_crypto,71,synthetic_seed_v1
आपका बिजली कनेक्शन आज रात कट जाएगा क्योंकि KYC लंबित है। अभी अपडेट करें या 1800111 पर कॉल करें: https://hdfc-rewards.click/claim,1,hi_dev,utility_kyc,81,synthetic_seed_v1
आपका बिजली कनेक्शन आज रात कट जाएगा क्योंकि KYC लंबित है। अभी अपडेट करें या 9876543210 पर कॉल करें: https://secure-bank-login.xyz,1,hi_dev,utility_kyc,81,synthetic_seed_v1
650017 உங்கள் HDFC உள்நுழைவுக்கான OTP. யாருடனும் பகிர வேண்டாம். -HDFC,0,ta,otp_legit,35,synthetic_seed_v1
"வாழ்த்துக்கள்! ஆவணம் இல்லாமல் ரூ 9,999 கடன் முன்அனுமதி பெற்றது. QuickRupee பதிவிறக்கம் செய்து உடனே பணம் பெறுங்கள்: http://sbi-verify.xyz/login",1,ta,instant_loan_app,58,synthetic_seed_v1
உங்கள் Paytm கணக்கு முடக்கப்படும். உடனே KYC புதுப்பிக்கவும் இல்லையெனில் கணக்கு நிரந்தரமாக மூடப்படும்: http://bit.ly/win-cash,1,ta,kyc,112,synthetic_seed_v1
Aapko customer se UPI ke through Rs 999 mile hain. -Paytm,0,hi_rom,upi_legit,88,synthetic_seed_v1
"I am an Army officer interested in your OLX item. I will send Rs 1,00,000 via this QR — just scan and approve to receive the money: https://hdfc-rewards.click/claim",1,en,marketplace_qr_scam,83,synthetic_seed_v1
"வாழ்த்துக்கள்! ஆவணம் இல்லாமல் ரூ 9,999 கடன் முன்அனுமதி பெற்றது. CashBee பதிவிறக்கம் செய்து உடனே பணம் பெறுங்கள்: http://paytm-kyc.link/verify",1,ta,instant_loan_app,58,synthetic_seed_v1
Work from home and earn Rs 750 daily! Limited seats. Register now with a small fee: http://icici-netbanking.online/auth,1,en,job_scam,24,synthetic_seed_v1
आपको Arjun से UPI के माध्यम से रु 750 प्राप्त हुए हैं। -HDFC,0,hi_dev,upi_legit,89,synthetic_seed_v1
"Hey Arjun, kal lunch pe milte hain na 1 baje?",0,hi_rom,chat,47,synthetic_seed_v1
"हमारे VIP ग्रुप में जुड़ें, 200% रिटर्न पाएं! TradeMax में रु 50,000 जमा करें और 7 दिन में पैसा डबल: http://bit.ly/win-cash",1,hi_dev,investment_crypto,73,synthetic_seed_v1
"प्रिय ग्राहक, आपके खाते XXXXX1042 में रु 1,00,000 जमा हुए। उपलब्ध शेष अपडेट किया गया। -ICICI",0,hi_dev,txn_alert,30,synthetic_seed_v1
"Your refund of Rs 2,00,000 is pending. Verify your bank details to receive it: http://bit.ly/win-cash",1,en,refund,15,synthetic_seed_v1
"வாழ்த்துக்கள்! நீங்கள் SBI லக்கி டிராவில் ரூ 1,00,000 வென்றுள்ளீர்கள். இப்போது claim செய்யவும்: http://icici-netbanking.online/auth",1,ta,lottery,14,synthetic_seed_v1
Aaj raat aapki bijli kaat di jayegi kyunki bill update nahi hua. Turant 9876543210 par call karein http://paytm-kyc.link/verify,1,hi_rom,electricity,22,synthetic_seed_v1
705621 உங்கள் ICICI உள்நுழைவுக்கான OTP. யாருடனும் பகிர வேண்டாம். -ICICI,0,ta,otp_legit,117,synthetic_seed_v1
Yaad dilaye: aapka Rs 499 ka bijli bill 5 tarikh ko due hai. Official app se bharein https://www.amazon.in,0,hi_rom,bill_legit,43,synthetic_seed_v1
"எங்கள் VIP குழுவில் சேருங்கள், 200% லாபம்! InstaPaisa இல் ரூ 9,999 டெபாசிட் செய்து 7 நாட்களில் பணத்தை இரட்டிப்பாக்குங்கள்: http://icici-netbanking.online/auth",1,ta,investment_crypto,74,synthetic_seed_v1
உங்கள் கணக்கு XXXXX1042 இல் ரூ 499 வரவு வைக்கப்பட்டது. இருப்பு புதுப்பிக்கப்பட்டது. -PhonePe,0,ta,txn_alert,116,synthetic_seed_v1
"I am an Army officer interested in your OLX item. I will send Rs 1,250 via this QR — just scan and approve to receive the money: http://icici-netbanking.online/auth",1,en,marketplace_qr_scam,83,synthetic_seed_v1
"Aapka courier customs me ruka hai, isme banned saman hai. 24 ghante me Rs 1,00,000 clearance bhare warna legal action hoga: http://sbi-verify.xyz/login",1,hi_rom,courier_parcel_scam,60,synthetic_seed_v1
"बधाई! आपका रु 2,00,000 का लोन बिना दस्तावेज़ के मंज़ूर हो गया। RupeeFast डाउनलोड करें और तुरंत पैसे पाएं: https://hdfc-rewards.click/claim",1,hi_dev,instant_loan_app,57,synthetic_seed_v1
"Aapka courier customs me ruka hai, isme banned saman hai. 24 ghante me Rs 1,00,000 clearance bhare warna legal action hoga: https://hdfc-rewards.click/claim",1,hi_rom,courier_parcel_scam,60,synthetic_seed_v1
"This is Narcotics Control Bureau. Your bank account is linked to a money-laundering case. You are under digital arrest. Stay on this video call and transfer Rs 1,00,000 to the verification account or be arrested: https://kyc-update.top/now",1,en,digital_arrest,50,synthetic_seed_v1
"घर बैठे रोज रु 50,000 कमाएं! सीटें सीमित हैं। छोटी सी फीस देकर अभी रजिस्टर करें: http://icici-netbanking.online/auth",1,hi_dev,job_scam,26,synthetic_seed_v1
"Congratulations ग्राहक! You have WON Rs 9,999 in the Yes Bank lucky draw. Claim now: http://sbi-verify.xyz/login",1,en,lottery,11,synthetic_seed_v1
"Hi, your appointment with Dr. customer is confirmed for Monday 11 AM at the clinic.",0,en,everyday_legit,96,synthetic_seed_v1
जरूरी सूचना: आपका PhonePe खाता XXXXX0571 केवाईसी अधूरी होने के कारण बंद किया जा रहा है। अभी सत्यापित करें http://bit.ly/win-cash,1,hi_dev,kyc,5,synthetic_seed_v1
Badhai ho! Aap ICICI lucky draw me Rs 499 jeet gaye hain. Abhi claim karein: https://kyc-update.top/now,1,hi_rom,lottery,12,synthetic_seed_v1
"अनुस्मारक: आपका रु 2,00,000 का बिजली बिल 5 तारीख को देय है। आधिकारिक ऐप से भुगतान करें https://www.icicibank.com",0,hi_dev,bill_legit,44,synthetic_seed_v1
Aapka order delivery ke liye nikal gaya hai. Delivery agent ko OTP 650017 dein. Track: https://onlinesbi.sbi,0,hi_rom,ecommerce_legit,91,synthetic_seed_v1
"Congrats! Your loan of Rs 9,999 is pre-approved with zero documents. Download RupeeFast and get instant cash: http://bit.ly/win-cash",1,en,instant_loan_app,55,synthetic_seed_v1
Aaj raat aapki bijli kaat di jayegi kyunki bill update nahi hua. Turant 18001234 par call karein http://icici-netbanking.online/auth,1,hi_rom,electricity,22,synthetic_seed_v1
"अपना रु 50,000 रिफंड पाने के लिए UPI रिक्वेस्ट अप्रूव करें और UPI पिन डालें: http://paytm-kyc.link/verify",1,hi_dev,upi_collect_scam,65,synthetic_seed_v1
482913 आपका DigiLocker लॉगिन OTP है। 10 मिनट के लिए वैध। किसी को न बताएं। https://www.amazon.in,0,hi_dev,govt_service_legit,95,synthetic_seed_v1
உங்கள் PhonePe கணக்கு முடக்கப்படும். உடனே KYC புதுப்பிக்கவும் இல்லையெனில் கணக்கு நிரந்தரமாக மூடப்படும்: http://bit.ly/win-cash,1,ta,kyc,112,synthetic_seed_v1
"உங்கள் கணக்கு XXXXX1042 இல் ரூ 9,999 வரவு வைக்கப்பட்டது. இருப்பு புதுப்பிக்கப்பட்டது. -PhonePe",0,ta,txn_alert,116,synthetic_seed_v1
"प्रिय उपभोक्ता, बिल अपडेट न होने के कारण आज रात आपकी बिजली काट दी जाएगी। तुरंत 08041234567 पर संपर्क करें http://sbi-verify.xyz/login",1,hi_dev,electricity,23,synthetic_seed_v1
"Hey customer, kal lunch pe milte hain na 1 baje?",0,hi_rom,chat,47,synthetic_seed_v1
உங்கள் Paytm கணக்கு முடக்கப்படும்! உடனடியாக KYC புதுப்பிக்கவும் இல்லையெனில் கணக்கு நிரந்தரமாக மூடப்படும்: https://kyc-update.top/now,1,ta,kyc,6,synthetic_seed_v1
உங்கள் Yes Bank கணக்கு முடக்கப்படும். உடனே KYC புதுப்பிக்கவும் இல்லையெனில் கணக்கு நிரந்தரமாக மூடப்படும்: http://icici-netbanking.online/auth,1,ta,kyc,112,synthetic_seed_v1
வாழ்த்துக்கள்! நீங்கள் Kotak லக்கி டிராவில் ரூ 999 வென்றுள்ளீர்கள். இப்போது claim செய்யவும்: https://hdfc-rewards.click/claim,1,ta,lottery,14,synthetic_seed_v1
"Aapka courier customs me ruka hai, isme banned saman hai. 24 ghante me Rs 1,250 clearance bhare warna legal action hoga: https://hdfc-rewards.click/claim",1,hi_rom,courier_parcel_scam,60,synthetic_seed_v1
Yes Bank support se. Aapka transaction fail hua hai. Reverse karne ke liye OTP 650017 batayein ya http://sbi-verify.xyz/login se app install karein. Call 1800111.,1,hi_rom,fake_customer_care,68,synthetic_seed_v1
"अरे ग्राहक, कल दोपहर 1 बजे लंच पर मिल रहे हैं ना?",0,hi_dev,chat,48,synthetic_seed_v1
"This is CBI. Your bank account is linked to a money-laundering case. You are under digital arrest. Stay on this video call and transfer Rs 2,00,000 to the verification account or be arrested: http://sbi-verify.xyz/login",1,en,digital_arrest,50,synthetic_seed_v1
आपका ऑर्डर डिलीवरी के लिए निकल गया है। डिलीवरी एजेंट को OTP 650017 दें। ट्रैक करें: https://paytm.com,0,hi_dev,ecommerce_legit,92,synthetic_seed_v1
338190 உங்கள் Paytm உள்நுழைவுக்கான OTP. யாருடனும் பகிர வேண்டாம். -Paytm,0,ta,otp_legit,117,synthetic_seed_v1
"Your FedEx parcel is held at customs and contains banned items. Pay Rs 50,000 clearance within 24 hours or face legal action: http://icici-netbanking.online/auth",1,en,courier_parcel_scam,59,synthetic_seed_v1
"प्रिय ग्राहक, आपका SBI खाता बंद हो जाएगा। तुरंत KYC अपडेट करें वरना खाता ब्लॉक हो जाएगा: https://rbi-refund.gq/form",1,hi_dev,kyc,4,synthetic_seed_v1
வாழ்த்துக்கள்! நீங்கள் HDFC லக்கி டிராவில் ரூ 750 வென்றுள்ளீர்கள். இப்போது claim செய்யவும்: https://rbi-refund.gq/form,1,ta,lottery,114,synthetic_seed_v1
"हमारे VIP ग्रुप में जुड़ें, 200% रिटर्न पाएं! LoanKamao में रु 999 जमा करें और 7 दिन में पैसा डबल: http://sbi-verify.xyz/login",1,hi_dev,investment_crypto,73,synthetic_seed_v1
"எங்கள் VIP குழுவில் சேருங்கள், 200% லாபம்! QuickRupee இல் ரூ 2,00,000 டெபாசிட் செய்து 7 நாட்களில் பணத்தை இரட்டிப்பாக்குங்கள்: http://sbi-verify.xyz/login",1,ta,investment_crypto,74,synthetic_seed_v1
"எங்கள் VIP குழுவில் சேருங்கள், 200% லாபம்! QuickRupee இல் ரூ 499 டெபாசிட் செய்து 7 நாட்களில் பணத்தை இரட்டிப்பாக்குங்கள்: http://sbi-verify.xyz/login",1,ta,investment_crypto,74,synthetic_seed_v1
"Suresh, कल सुबह 10 बजे मीटिंग है, समय पर आ जाना।",0,hi_dev,everyday_legit,105,synthetic_seed_v1
Kotak sale shuru! Agli kharidari par 499 ki chhoot. Abhi kharidein https://onlinesbi.sbi,0,hi_rom,promo,37,synthetic_seed_v1
"Kotak Sale is live! Flat 1,250 off on your next purchase. Shop now at https://netbanking.hdfcbank.com",0,en,promo,36,synthetic_seed_v1
உங்கள் கணக்கு XXXXX7766 இல் ரூ 750 வரவு வைக்கப்பட்டது. இருப்பு புதுப்பிக்கப்பட்டது. -SBI,0,ta,txn_alert,31,synthetic_seed_v1
"ஹாய் ग्राहक, நாளை மதியம் ஒன்றாக சந்திக்கலாமா?",0,ta,chat,119,synthetic_seed_v1
"நான் ராணுவ அதிகாரி, உங்கள் OLX பொருள் வேண்டும். ரூ 1,00,000 QR மூலம் அனுப்புகிறேன், பெற ஸ்கேன் செய்து அங்கீகரிக்கவும்: http://paytm-kyc.link/verify",1,ta,marketplace_qr_scam,86,synthetic_seed_v1
"Your parcel is held at customs. Pay Rs 9,999 clearance fee within 24 hours or it will be returned: http://sbi-verify.xyz/login",1,en,delivery_scam,18,synthetic_seed_v1
991204 आपका DigiLocker लॉगिन OTP है। 10 मिनट के लिए वैध। किसी को न बताएं। https://paytm.com,0,hi_dev,govt_service_legit,95,synthetic_seed_v1
"Work from home and earn Rs 2,00,000 daily! Limited seats. Register now with a small fee: https://rbi-refund.gq/form",1,en,job_scam,24,synthetic_seed_v1
482913 aapka Axis login OTP hai. Ise kisi ke saath share na karein. -Axis,0,hi_rom,otp_legit,33,synthetic_seed_v1
705621 aapka Kotak login OTP hai. Ise kisi ke saath share na karein. -Kotak,0,hi_rom,otp_legit,33,synthetic_seed_v1
"நான் ராணுவ அதிகாரி, உங்கள் OLX பொருள் வேண்டும். ரூ 750 QR மூலம் அனுப்புகிறேன், பெற ஸ்கேன் செய்து அங்கீகரிக்கவும்: https://kyc-update.top/now",1,ta,marketplace_qr_scam,86,synthetic_seed_v1
Priya Kotak account band ho jayega! Turant KYC update karo varna account block ho jayega: https://rbi-refund.gq/form,1,hi_rom,kyc,2,synthetic_seed_v1
"Aapko customer se UPI ke through Rs 1,00,000 mile hain. -Axis",0,hi_rom,upi_legit,88,synthetic_seed_v1
"எங்கள் VIP குழுவில் சேருங்கள், 200% லாபம்! QuickRupee இல் ரூ 1,00,000 டெபாசிட் செய்து 7 நாட்களில் பணத்தை இரட்டிப்பாக்குங்கள்: http://icici-netbanking.online/auth",1,ta,investment_crypto,74,synthetic_seed_v1
"आपका रु 50,000 का रिफंड लंबित है। इसे पाने के लिए बैंक विवरण सत्यापित करें: http://bit.ly/win-cash",1,hi_dev,refund,17,synthetic_seed_v1
Your parcel is held at customs. Pay Rs 750 clearance fee within 24 hours or it will be returned: http://sbi-verify.xyz/login,1,en,delivery_scam,18,synthetic_seed_v1
உங்கள் Yes Bank கணக்கு முடக்கப்படும்! உடனடியாக KYC புதுப்பிக்கவும் இல்லையெனில் கணக்கு நிரந்தரமாக மூடப்படும்: http://icici-netbanking.online/auth,1,ta,kyc,6,synthetic_seed_v1
Your SBI reward points worth Rs 499 expire TODAY. Redeem instantly here: http://sbi-verify.xyz/login,1,en,reward_points_expiry,75,synthetic_seed_v1
"Badhai! Aapka Rs 50,000 ka loan bina document ke approve ho gaya. CashBee download karein aur turant paisa payein: https://secure-bank-login.xyz",1,hi_rom,instant_loan_app,56,synthetic_seed_v1
"Dear Suresh, your A/C XXXXX1042 is credited with Rs 999 on 27JUN. Avl Bal updated. -Paytm",0,en,txn_alert,27,synthetic_seed_v1
Yes Bank सपोर्ट से। आपका लेनदेन विफल हुआ है। इसे वापस करने के लिए OTP 705621 बताएं या https://hdfc-rewards.click/claim से ऐप इंस्टॉल करें। कॉल 1800111।,1,hi_dev,fake_customer_care,69,synthetic_seed_v1
बधाई हो! आप PhonePe लकी ड्रॉ में रु 750 जीत गए हैं। अभी इनाम क्लेम करें: https://rbi-refund.gq/form,1,hi_dev,lottery,13,synthetic_seed_v1
"ஹாய் Meena, நாளை மதியம் 1 மணிக்கு சந்திக்கலாமா?",0,ta,chat,49,synthetic_seed_v1
Aapka order delivery ke liye nikal gaya hai. Delivery agent ko OTP 338190 dein. Track: https://paytm.com,0,hi_rom,ecommerce_legit,91,synthetic_seed_v1
"Team, the standup is moved to 4 PM today. Please update your tickets before then.",0,en,everyday_legit,97,synthetic_seed_v1
"Yes Bank sale shuru! Agli kharidari par 50,000 ki chhoot. Abhi kharidein https://www.icicibank.com",0,hi_rom,promo,37,synthetic_seed_v1
Aapke khate XXXXX8830 me Rs 499 jama hue. Available balance update ho gaya. -Paytm,0,hi_rom,txn_alert,29,synthetic_seed_v1
"Congrats! Your loan of Rs 9,999 is pre-approved with zero documents. Download CashBee and get instant cash: http://bit.ly/win-cash",1,en,instant_loan_app,55,synthetic_seed_v1
"अपना रु 50,000 रिफंड पाने के लिए UPI रिक्वेस्ट अप्रूव करें और UPI पिन डालें: https://secure-bank-login.xyz",1,hi_dev,upi_collect_scam,65,synthetic_seed_v1
705621 आपके Kotak लॉगिन के लिए OTP है। इसे किसी के साथ साझा न करें। -Kotak,0,hi_dev,otp_legit,34,synthetic_seed_v1
"Aapko Meena se UPI ke through Rs 1,00,000 mile hain. -Yes Bank",0,hi_rom,upi_legit,88,synthetic_seed_v1
"यह TRAI है। आपके खाते पर मनी लॉन्ड्रिंग का मामला दर्ज है। आप डिजिटल अरेस्ट में हैं, वीडियो कॉल न काटें और रु 750 वेरिफिकेशन खाते में भेजें: http://paytm-kyc.link/verify",1,hi_dev,digital_arrest,53,synthetic_seed_v1
"Dear consumer, your electricity will be disconnected tonight as your bill is not updated. Call 08041234567 immediately http://bit.ly/win-cash",1,en,electricity,21,synthetic_seed_v1
Priya Axis account band ho jayega! Turant KYC update karo varna account block ho jayega: https://kyc-update.top/now,1,hi_rom,kyc,2,synthetic_seed_v1
ரூ 999 மதிப்புள்ள உங்கள் Kotak வெகுமதி புள்ளிகள் இன்று காலாவதியாகின்றன. இப்போது மீட்டெடுக்கவும்: http://icici-netbanking.online/auth,1,ta,reward_points_expiry,78,synthetic_seed_v1
705621 is your OTP for Kotak login. Do NOT share it with anyone. -Kotak,0,en,otp_legit,32,synthetic_seed_v1
"Badhai ho! Aap ICICI lucky draw me Rs 50,000 jeet gaye hain. Abhi claim karein: http://paytm-kyc.link/verify",1,hi_rom,lottery,12,synthetic_seed_v1
991204 is your OTP for HDFC login. Do NOT share it with anyone. -HDFC,0,en,otp_legit,32,synthetic_seed_v1
"प्रिय ग्राहक, आपका HDFC खाता बंद हो जाएगा। तुरंत KYC अपडेट करें वरना खाता ब्लॉक हो जाएगा: http://paytm-kyc.link/verify",1,hi_dev,kyc,4,synthetic_seed_v1
ICICI support se. Aapka transaction fail hua hai. Reverse karne ke liye OTP 705621 batayein ya https://hdfc-rewards.click/claim se app install karein. Call 08041234567.,1,hi_rom,fake_customer_care,68,synthetic_seed_v1
"Apna Rs 1,250 refund paane ke liye UPI request approve karein aur UPI PIN daalein: https://secure-bank-login.xyz",1,hi_rom,upi_collect_scam,64,synthetic_seed_v1
Yes Bank Sale is live! Flat 750 off on your next purchase. Shop now at https://onlinesbi.sbi,0,en,promo,36,synthetic_seed_v1
வாழ்த்துக்கள்! ஆவணம் இல்லாமல் ரூ 750 கடன் முன்அனுமதி பெற்றது. QuickRupee பதிவிறக்கம் செய்து உடனே பணம் பெறுங்கள்: http://bit.ly/win-cash,1,ta,instant_loan_app,58,synthetic_seed_v1
"To RECEIVE your refund of Rs 9,999, approve the UPI request and enter your UPI PIN now: https://rbi-refund.gq/form",1,en,upi_collect_scam,63,synthetic_seed_v1
"बधाई हो! आप ICICI लकी ड्रॉ में रु 50,000 जीत गए हैं। अभी इनाम क्लेम करें: https://kyc-update.top/now",1,hi_dev,lottery,13,synthetic_seed_v1
Aapka bijli connection aaj raat kat jayega kyunki KYC pending hai. Abhi update karein ya 08041234567 par call karein: https://kyc-update.top/now,1,hi_rom,utility_kyc,80,synthetic_seed_v1
जरूरी सूचना: आपका Paytm खाता XXXXX1042 केवाईसी अधूरी होने के कारण बंद किया जा रहा है। अभी सत्यापित करें https://hdfc-rewards.click/claim,1,hi_dev,kyc,5,synthetic_seed_v1
Your order is out for delivery. Share OTP 338190 with the delivery agent to receive it. Track: https://www.icicibank.com,0,en,ecommerce_legit,90,synthetic_seed_v1
This is Mumbai Police. Your bank account is linked to a money-laundering case. You are under digital arrest. Stay on this video call and transfer Rs 999 to the verification account or be arrested: https://secure-bank-login.xyz,1,en,digital_arrest,50,synthetic_seed_v1
Aapka bijli connection aaj raat kat jayega kyunki KYC pending hai. Abhi update karein ya 9876543210 par call karein: http://paytm-kyc.link/verify,1,hi_rom,utility_kyc,80,synthetic_seed_v1
"இது CBI. உங்கள் பெயரில் பணமோசடி வழக்கு பதிவாகியுள்ளது. நீங்கள் டிஜிட்டல் கைது செய்யப்பட்டுள்ளீர்கள், வீடியோ அழைப்பை துண்டிக்காதீர்கள், ரூ 499 அனுப்பவும்: http://icici-netbanking.online/auth",1,ta,digital_arrest,54,synthetic_seed_v1
"Hamare VIP group me judein, 200% return paayein! CashBee me Rs 1,250 jama karein aur 7 din me paisa double: https://rbi-refund.gq/form",1,hi_rom,investment_crypto,72,synthetic_seed_v1
"எங்கள் VIP குழுவில் சேருங்கள், 200% லாபம்! RupeeFast இல் ரூ 750 டெபாசிட் செய்து 7 நாட்களில் பணத்தை இரட்டிப்பாக்குங்கள்: http://bit.ly/win-cash",1,ta,investment_crypto,74,synthetic_seed_v1
338190 உங்கள் Axis உள்நுழைவுக்கான OTP. யாருடனும் பகிர வேண்டாம். -Axis,0,ta,otp_legit,35,synthetic_seed_v1
Aapke PhonePe reward points jinki value Rs 999 hai aaj expire ho rahe hain. Abhi redeem karein: http://bit.ly/win-cash,1,hi_rom,reward_points_expiry,76,synthetic_seed_v1
आपका रु 750 का रिफंड लंबित है। इसे पाने के लिए बैंक विवरण सत्यापित करें: http://sbi-verify.xyz/login,1,hi_dev,refund,17,synthetic_seed_v1
"आपको Rahul से UPI के माध्यम से रु 50,000 प्राप्त हुए हैं। -Paytm",0,hi_dev,upi_legit,89,synthetic_seed_v1
Aapka order delivery ke liye nikal gaya hai. Delivery agent ko OTP 650017 dein. Track: https://www.amazon.in,0,hi_rom,ecommerce_legit,91,synthetic_seed_v1
"घर बैठे रोज रु 1,250 कमाएं! सीटें सीमित हैं। छोटी सी फीस देकर अभी रजिस्टर करें: https://rbi-refund.gq/form",1,hi_dev,job_scam,26,synthetic_seed_v1
Aaj raat aapki bijli kaat di jayegi kyunki bill update nahi hua. Turant 18001234 par call karein http://sbi-verify.xyz/login,1,hi_rom,electricity,22,synthetic_seed_v1
"अनुस्मारक: आपका रु 2,00,000 का बिजली बिल 5 तारीख को देय है। आधिकारिक ऐप से भुगतान करें https://paytm.com",0,hi_dev,bill_legit,44,synthetic_seed_v1
Priya HDFC account band ho jayega! Turant KYC update karo varna account block ho jayega: http://icici-netbanking.online/auth,1,hi_rom,kyc,2,synthetic_seed_v1
"CBI se baat kar rahe hain. Aapke naam par money laundering ka case hai. Aap digital arrest me hain, video call mat kaatiye aur Rs 9,999 verification account me bhejiye: https://rbi-refund.gq/form",1,hi_rom,digital_arrest,52,synthetic_seed_v1
"आपका पार्सल कस्टम में रुका है। 24 घंटे में रु 2,00,000 शुल्क भरें अन्यथा वापस भेज दिया जाएगा: http://icici-netbanking.online/auth",1,hi_dev,delivery_scam,20,synthetic_seed_v1
"प्रिय ग्राहक, आपके खाते XXXXX0571 में रु 750 जमा हुए। उपलब्ध शेष अपडेट किया गया। -Axis",0,hi_dev,txn_alert,30,synthetic_seed_v1
"Dear consumer, your electricity will be disconnected tonight as your bill is not updated. Call 9876543210 immediately http://sbi-verify.xyz/login",1,en,electricity,21,synthetic_seed_v1
650017 आपका DigiLocker लॉगिन OTP है। 10 मिनट के लिए वैध। किसी को न बताएं। https://paytm.com,0,hi_dev,govt_service_legit,95,synthetic_seed_v1
"Hey Suresh, kal lunch pe milte hain na 1 baje?",0,hi_rom,chat,47,synthetic_seed_v1
URGENT: SBI A/C XXXXX8830 blocked due to incomplete KYC. Update now to avoid permanent closure https://rbi-refund.gq/form,1,en,kyc,1,synthetic_seed_v1
"This is Customs Department. Your bank account is linked to a money-laundering case. You are under digital arrest. Stay on this video call and transfer Rs 2,00,000 to the verification account or be arrested: https://hdfc-rewards.click/claim",1,en,digital_arrest,50,synthetic_seed_v1
"Aapke khate XXXXX7766 me Rs 1,00,000 jama hue. Available balance update ho gaya. -ICICI",0,hi_rom,txn_alert,29,synthetic_seed_v1
Aapka order delivery ke liye nikal gaya hai. Delivery agent ko OTP 705621 dein. Track: https://www.icicibank.com,0,hi_rom,ecommerce_legit,91,synthetic_seed_v1
"PhonePe sale shuru! Agli kharidari par 1,00,000 ki chhoot. Abhi kharidein https://onlinesbi.sbi",0,hi_rom,promo,37,synthetic_seed_v1
"बधाई! आपका रु 1,250 का लोन बिना दस्तावेज़ के मंज़ूर हो गया। RupeeFast डाउनलोड करें और तुरंत पैसे पाएं: http://icici-netbanking.online/auth",1,hi_dev,instant_loan_app,57,synthetic_seed_v1
Axis sale shuru! Agli kharidari par 999 ki chhoot. Abhi kharidein https://www.amazon.in,0,hi_rom,promo,37,synthetic_seed_v1
"Badhai! Aapka Rs 1,250 ka loan bina document ke approve ho gaya. TradeMax download karein aur turant paisa payein: http://paytm-kyc.link/verify",1,hi_rom,instant_loan_app,56,synthetic_seed_v1
Your ICICI reward points worth Rs 999 expire TODAY. Redeem instantly here: http://icici-netbanking.online/auth,1,en,reward_points_expiry,75,synthetic_seed_v1
"अरे Rahul, कल दोपहर 1 बजे लंच पर मिल रहे हैं ना?",0,hi_dev,chat,48,synthetic_seed_v1
"घर बैठे रोज रु 9,999 कमाएं! सीटें सीमित हैं। छोटी सी फीस देकर अभी रजिस्टर करें: http://sbi-verify.xyz/login",1,hi_dev,job_scam,26,synthetic_seed_v1
"Work from home and earn Rs 50,000 daily! Limited seats. Register now with a small fee: https://hdfc-rewards.click/claim",1,en,job_scam,24,synthetic_seed_v1
உங்கள் KYC நிலுவையில் இருப்பதால் இன்றிரவு மின் இணைப்பு துண்டிக்கப்படும். இப்போது புதுப்பிக்கவும் அல்லது 9876543210 ஐ அழைக்கவும்: http://sbi-verify.xyz/login,1,ta,utility_kyc,82,synthetic_seed_v1
Happy birthday Meena! Wishing you a great year ahead from all of us at the office.,0,en,everyday_legit,100,synthetic_seed_v1
வாழ்த்துக்கள்! நீங்கள் Kotak லக்கி டிராவில் ரூ 750 வென்றுள்ளீர்கள். இப்போது claim செய்யவும்: https://hdfc-rewards.click/claim,1,ta,lottery,114,synthetic_seed_v1
"HDFC பாதுகாப்பு எச்சரிக்கை: உங்கள் கணக்கை சரிபார்க்க OTP 991204 ஐ பகிரவும், இல்லையெனில் முடக்கப்படும்.",1,ta,otp_scam,10,synthetic_seed_v1
உங்கள் Yes Bank கணக்கு முடக்கப்படும். உடனே KYC புதுப்பிக்கவும் இல்லையெனில் கணக்கு நிரந்தரமாக மூடப்படும்: https://hdfc-rewards.click/claim,1,ta,kyc,112,synthetic_seed_v1
வாழ்த்துக்கள்! ஆவணம் இல்லாமல் ரூ 999 கடன் முன்அனுமதி பெற்றது. RupeeFast பதிவிறக்கம் செய்து உடனே பணம் பெறுங்கள்: https://hdfc-rewards.click/claim,1,ta,instant_loan_app,58,synthetic_seed_v1
"हमारे VIP ग्रुप में जुड़ें, 200% रिटर्न पाएं! QuickRupee में रु 1,250 जमा करें और 7 दिन में पैसा डबल: http://icici-netbanking.online/auth",1,hi_dev,investment_crypto,73,synthetic_seed_v1
"Hey Priya, are we still meeting for lunch at 1pm tomorrow?",0,en,chat,45,synthetic_seed_v1
अनुस्मारक: आपका रु 750 का बिजली बिल 5 तारीख को देय है। आधिकारिक ऐप से भुगतान करें https://onlinesbi.sbi,0,hi_dev,bill_legit,44,synthetic_seed_v1
"Aapko ग्राहक se UPI ke through Rs 1,00,000 mile hain. -SBI",0,hi_rom,upi_legit,88,synthetic_seed_v1
338190 aapka SBI login OTP hai. Ise kisi ke saath share na karein. -SBI,0,hi_rom,otp_legit,33,synthetic_seed_v1
Your parcel is held at customs. Pay Rs 999 clearance fee within 24 hours or it will be returned: https://hdfc-rewards.click/claim,1,en,delivery_scam,18,synthetic_seed_v1
Priya SBI account band ho jayega! Turant KYC update karo varna account block ho jayega: https://kyc-update.top/now,1,hi_rom,kyc,2,synthetic_seed_v1
Income Tax Department notice: a parcel with illegal items was seized in your name. Call 9876543210 immediately and do NOT disconnect. Pay Rs 750 for case clearance: http://sbi-verify.xyz/login,1,en,digital_arrest,51,synthetic_seed_v1
"Hey Arjun, are we still meeting for lunch at 1pm tomorrow?",0,en,chat,45,synthetic_seed_v1
Congrats! Your loan of Rs 999 is pre-approved with zero documents. Download CashBee and get instant cash: http://icici-netbanking.online/auth,1,en,instant_loan_app,55,synthetic_seed_v1
Paytm सुरक्षा: अपना खाता सत्यापित करने के लिए OTP 338190 तुरंत बताएं अन्यथा खाता निष्क्रिय हो जाएगा।,1,hi_dev,otp_scam,9,synthetic_seed_v1
Aaj raat aapki bijli kaat di jayegi kyunki bill update nahi hua. Turant 9876543210 par call karein https://kyc-update.top/now,1,hi_rom,electricity,22,synthetic_seed_v1
Your order is out for delivery and will arrive today. Track at https://onlinesbi.sbi,0,en,delivery_legit,39,synthetic_seed_v1
Aapka bijli connection aaj raat kat jayega kyunki KYC pending hai. Abhi update karein ya 1800111 par call karein: http://sbi-verify.xyz/login,1,hi_rom,utility_kyc,80,synthetic_seed_v1
"Yes Bank security alert: share the OTP 705621 sent to your phone to verify your account, else it will be deactivated.",1,en,otp_scam,7,synthetic_seed_v1
உங்கள் KYC நிலுவையில் இருப்பதால் இன்றிரவு மின் இணைப்பு துண்டிக்கப்படும். இப்போது புதுப்பிக்கவும் அல்லது 1800111 ஐ அழைக்கவும்: http://bit.ly/win-cash,1,ta,utility_kyc,82,synthetic_seed_v1
உங்கள் கணக்கு XXXXX7766 இல் ரூ 750 வரவு வைக்கப்பட்டது. இருப்பு புதுப்பிக்கப்பட்டது. -HDFC,0,ta,txn_alert,116,synthetic_seed_v1
"बधाई हो! आप ICICI लकी ड्रॉ में रु 1,250 जीत गए हैं। अभी इनाम क्लेम करें: https://hdfc-rewards.click/claim",1,hi_dev,lottery,13,synthetic_seed_v1
"Hey Kavya, are we still meeting for lunch at 1pm tomorrow?",0,en,chat,45,synthetic_seed_v1
"இது Income Tax Department. உங்கள் பெயரில் பணமோசடி வழக்கு பதிவாகியுள்ளது. நீங்கள் டிஜிட்டல் கைது செய்யப்பட்டுள்ளீர்கள், வீடியோ அழைப்பை துண்டிக்காதீர்கள், ரூ 2,00,000 அனுப்பவும்: https://rbi-refund.gq/form",1,ta,digital_arrest,54,synthetic_seed_v1
Aapka Yes Bank khata XXXXX7766 suspend kar diya gaya hai. Abhi KYC complete karein: https://kyc-update.top/now,1,hi_rom,kyc,3,synthetic_seed_v1
"Dear Arjun, your SBI account is suspended. Complete KYC immediately or your account will be blocked: http://bit.ly/win-cash",1,en,kyc,0,synthetic_seed_v1
650017 is your OTP for DigiLocker login. Valid for 10 minutes. Do not share it. https://www.amazon.in,0,en,govt_service_legit,93,synthetic_seed_v1
உங்கள் Axis கணக்கு முடக்கப்படும். உடனே KYC புதுப்பிக்கவும் இல்லையெனில் கணக்கு நிரந்தரமாக மூடப்படும்: http://paytm-kyc.link/verify,1,ta,kyc,112,synthetic_seed_v1
जरूरी सूचना: आपका Yes Bank खाता XXXXX8830 केवाईसी अधूरी होने के कारण बंद किया जा रहा है। अभी सत्यापित करें https://secure-bank-login.xyz,1,hi_dev,kyc,5,synthetic_seed_v1
"बधाई हो! आप ICICI लकी ड्रॉ में रु 9,999 जीत गए हैं। अभी इनाम क्लेम करें: http://icici-netbanking.online/auth",1,hi_dev,lottery,13,synthetic_seed_v1
991204 is your OTP for Kotak login. Do NOT share it with anyone. -Kotak,0,en,otp_legit,32,synthetic_seed_v1
Aapke ICICI reward points jinki value Rs 499 hai aaj expire ho rahe hain. Abhi redeem karein: https://hdfc-rewards.click/claim,1,hi_rom,reward_points_expiry,76,synthetic_seed_v1
"Apna Rs 2,00,000 refund paane ke liye UPI request approve karein aur UPI PIN daalein: http://sbi-verify.xyz/login",1,hi_rom,upi_collect_scam,64,synthetic_seed_v1
"प्रिय उपभोक्ता, बिल अपडेट न होने के कारण आज रात आपकी बिजली काट दी जाएगी। तुरंत 9876543210 पर संपर्क करें https://rbi-refund.gq/form",1,hi_dev,electricity,23,synthetic_seed_v1
"Your FedEx parcel is held at customs and contains banned items. Pay Rs 1,250 clearance within 24 hours or face legal action: http://paytm-kyc.link/verify",1,en,courier_parcel_scam,59,synthetic_seed_v1
482913 உங்கள் PhonePe உள்நுழைவுக்கான OTP. யாருடனும் பகிர வேண்டாம். -PhonePe,0,ta,otp_legit,35,synthetic_seed_v1
HDFC सेल लाइव है! अगली खरीद पर 999 की छूट। अभी खरीदें https://onlinesbi.sbi,0,hi_dev,promo,38,synthetic_seed_v1
உங்கள் ICICI கணக்கு முடக்கப்படும்! உடனடியாக KYC புதுப்பிக்கவும் இல்லையெனில் கணக்கு நிரந்தரமாக மூடப்படும்: https://secure-bank-login.xyz,1,ta,kyc,6,synthetic_seed_v1
"This is Income Tax Department. Your bank account is linked to a money-laundering case. You are under digital arrest. Stay on this video call and transfer Rs 1,00,000 to the verification account or be arrested: http://icici-netbanking.online/auth",1,en,digital_arrest,50,synthetic_seed_v1
"HDFC सेल लाइव है! अगली खरीद पर 9,999 की छूट। अभी खरीदें https://www.amazon.in",0,hi_dev,promo,38,synthetic_seed_v1
"நான் ராணுவ அதிகாரி, உங்கள் OLX பொருள் வேண்டும். ரூ 750 QR மூலம் அனுப்புகிறேன், பெற ஸ்கேன் செய்து அங்கீகரிக்கவும்: https://rbi-refund.gq/form",1,ta,marketplace_qr_scam,86,synthetic_seed_v1
आपका बिजली कनेक्शन आज रात कट जाएगा क्योंकि KYC लंबित है। अभी अपडेट करें या 08041234567 पर कॉल करें: https://secure-bank-login.xyz,1,hi_dev,utility_kyc,81,synthetic_seed_v1
"आपका कूरियर कस्टम में रुका है और इसमें प्रतिबंधित सामान है। 24 घंटे में रु 1,00,000 क्लीयरेंस भरें वरना कानूनी कार्रवाई होगी: http://bit.ly/win-cash",1,hi_dev,courier_parcel_scam,61,synthetic_seed_v1
आपका बिजली कनेक्शन आज रात कट जाएगा क्योंकि KYC लंबित है। अभी अपडेट करें या 9876543210 पर कॉल करें: http://bit.ly/win-cash,1,hi_dev,utility_kyc,81,synthetic_seed_v1
I am an Army officer interested in your OLX item. I will send Rs 499 via this QR — just scan and approve to receive the money: https://kyc-update.top/now,1,en,marketplace_qr_scam,83,synthetic_seed_v1
URGENT: Paytm A/C XXXXX1042 blocked due to incomplete KYC. Update now to avoid permanent closure http://paytm-kyc.link/verify,1,en,kyc,1,synthetic_seed_v1
உங்கள் ரூ 999 திரும்பப் பணம் நிலுவையில் உள்ளது. பெற வங்கி விவரங்களை சரிபார்க்கவும்: https://kyc-update.top/now,1,ta,refund,115,synthetic_seed_v1
आपको ग्राहक से UPI के माध्यम से रु 750 प्राप्त हुए हैं। -HDFC,0,hi_dev,upi_legit,89,synthetic_seed_v1
உங்கள் HDFC கணக்கு முடக்கப்படும். உடனே KYC புதுப்பிக்கவும் இல்லையெனில் கணக்கு நிரந்தரமாக மூடப்படும்: http://bit.ly/win-cash,1,ta,kyc,112,synthetic_seed_v1
"आपके PhonePe रिवॉर्ड पॉइंट्स जिनकी कीमत रु 1,250 है आज समाप्त हो रहे हैं। अभी रिडीम करें: http://icici-netbanking.online/auth",1,hi_dev,reward_points_expiry,77,synthetic_seed_v1
Work from home and earn Rs 499 daily! Limited seats. Register now with a small fee: http://paytm-kyc.link/verify,1,en,job_scam,24,synthetic_seed_v1
"Hey ग्राहक, are we still meeting for lunch at 1pm tomorrow?",0,en,chat,45,synthetic_seed_v1
"உங்கள் கணக்கு XXXXX3917 இல் ரூ 9,999 வரவு வைக்கப்பட்டது. இருப்பு புதுப்பிக்கப்பட்டது. -ICICI",0,ta,txn_alert,116,synthetic_seed_v1
650017 आपके SBI लॉगिन के लिए OTP है। इसे किसी के साथ साझा न करें। -SBI,0,hi_dev,otp_legit,34,synthetic_seed_v1
Axis சலுகை! இன்று எலெக்ட்ரானிக்ஸ் பொருட்களில் தள்ளுபடி. இப்போது வாங்குங்கள்: https://netbanking.hdfcbank.com,0,ta,promo,118,synthetic_seed_v1
ICICI Sale is live! Flat 750 off on your next purchase. Shop now at https://paytm.com,0,en,promo,36,synthetic_seed_v1
482913 உங்கள் Kotak உள்நுழைவுக்கான OTP. யாருடனும் பகிர வேண்டாம். -Kotak,0,ta,otp_legit,117,synthetic_seed_v1
"Yaad dilaye: aapka Rs 50,000 ka bijli bill 5 tarikh ko due hai. Official app se bharein https://www.icicibank.com",0,hi_rom,bill_legit,43,synthetic_seed_v1
SBI பாதுகாப்பு: உங்கள் கணக்கை சரிபார்க்க OTP 991204 ஐ உடனே பகிரவும் இல்லையெனில் முடக்கப்படும்.,1,ta,otp_scam,113,synthetic_seed_v1
अनुस्मारक: आपका रु 750 का बिजली बिल 5 तारीख को देय है। आधिकारिक ऐप से भुगतान करें https://paytm.com,0,hi_dev,bill_legit,44,synthetic_seed_v1
"உங்கள் கணக்கு XXXXX3917 இல் ரூ 9,999 வரவு வைக்கப்பட்டது. இருப்பு புதுப்பிக்கப்பட்டது. -SBI",0,ta,txn_alert,116,synthetic_seed_v1
650017 aapka DigiLocker login OTP hai. 10 minute valid. Kisi ko na batayein. https://www.amazon.in,0,hi_rom,govt_service_legit,94,synthetic_seed_v1
உங்கள் ICICI கணக்கு முடக்கப்படும். உடனே KYC புதுப்பிக்கவும் இல்லையெனில் கணக்கு நிரந்தரமாக மூடப்படும்: http://bit.ly/win-cash,1,ta,kyc,112,synthetic_seed_v1
"Yaad dilaye: aapka Rs 9,999 ka bijli bill 5 tarikh ko due hai. Official app se bharein https://www.amazon.in",0,hi_rom,bill_legit,43,synthetic_seed_v1
"आपका पार्सल कस्टम में रुका है। 24 घंटे में रु 1,00,000 शुल्क भरें अन्यथा वापस भेज दिया जाएगा: https://kyc-update.top/now",1,hi_dev,delivery_scam,20,synthetic_seed_v1
338190 aapka ICICI login OTP hai. Ise kisi ke saath share na karein. -ICICI,0,hi_rom,otp_legit,33,synthetic_seed_v1
"Hamare VIP group me judein, 200% return paayein! LoanKamao me Rs 1,00,000 jama karein aur 7 din me paisa double: http://paytm-kyc.link/verify",1,hi_rom,investment_crypto,72,synthetic_seed_v1
"Yaad dilaye: aapka Rs 1,250 ka bijli bill 5 tarikh ko due hai. Official app se bharein https://www.icicibank.com",0,hi_rom,bill_legit,43,synthetic_seed_v1
"வாழ்த்துக்கள்! ஆவணம் இல்லாமல் ரூ 1,250 கடன் முன்அனுமதி பெற்றது. TradeMax பதிவிறக்கம் செய்து உடனே பணம் பெறுங்கள்: http://bit.ly/win-cash",1,ta,instant_loan_app,58,synthetic_seed_v1
உங்கள் KYC நிலுவையில் இருப்பதால் இன்றிரவு மின் இணைப்பு துண்டிக்கப்படும். இப்போது புதுப்பிக்கவும் அல்லது 08041234567 ஐ அழைக்கவும்: https://hdfc-rewards.click/claim,1,ta,utility_kyc,82,synthetic_seed_v1
Your order is out for delivery. Share OTP 650017 with the delivery agent to receive it. Track: https://onlinesbi.sbi,0,en,ecommerce_legit,90,synthetic_seed_v1
Aapka PhonePe khata XXXXX3917 suspend kar diya gaya hai. Abhi KYC complete karein: https://rbi-refund.gq/form,1,hi_rom,kyc,3,synthetic_seed_v1
ICICI சலுகை! இன்று எலெக்ட்ரானிக்ஸ் பொருட்களில் தள்ளுபடி. இப்போது வாங்குங்கள்: https://www.icicibank.com,0,ta,promo,118,synthetic_seed_v1
Aapke SBI reward points jinki value Rs 499 hai aaj expire ho rahe hain. Abhi redeem karein: https://secure-bank-login.xyz,1,hi_rom,reward_points_expiry,76,synthetic_seed_v1
வாழ்த்துக்கள்! நீங்கள் HDFC லக்கி டிராவில் ரூ 499 வென்றுள்ளீர்கள். இப்போது claim செய்யவும்: http://icici-netbanking.online/auth,1,ta,lottery,14,synthetic_seed_v1
घर बैठे रोज रु 499 कमाएं! सीटें सीमित हैं। छोटी सी फीस देकर अभी रजिस्टर करें: https://hdfc-rewards.click/claim,1,hi_dev,job_scam,26,synthetic_seed_v1
Kotak सुरक्षा: अपना खाता सत्यापित करने के लिए OTP 705621 तुरंत बताएं अन्यथा खाता निष्क्रिय हो जाएगा।,1,hi_dev,otp_scam,9,synthetic_seed_v1
உங்கள் KYC நிலுவையில் இருப்பதால் இன்றிரவு மின் இணைப்பு துண்டிக்கப்படும். இப்போது புதுப்பிக்கவும் அல்லது 08041234567 ஐ அழைக்கவும்: https://secure-bank-login.xyz,1,ta,utility_kyc,82,synthetic_seed_v1
"நான் ராணுவ அதிகாரி, உங்கள் OLX பொருள் வேண்டும். ரூ 999 QR மூலம் அனுப்புகிறேன், பெற ஸ்கேன் செய்து அங்கீகரிக்கவும்: https://hdfc-rewards.click/claim",1,ta,marketplace_qr_scam,86,synthetic_seed_v1
"Aapke Kotak reward points jinki value Rs 2,00,000 hai aaj expire ho rahe hain. Abhi redeem karein: https://secure-bank-login.xyz",1,hi_rom,reward_points_expiry,76,synthetic_seed_v1
"प्रिय उपभोक्ता, बिल अपडेट न होने के कारण आज रात आपकी बिजली काट दी जाएगी। तुरंत 08041234567 पर संपर्क करें http://paytm-kyc.link/verify",1,hi_dev,electricity,23,synthetic_seed_v1
"உங்கள் பார்சல் சுங்கத்தில் தடைசெய்யப்பட்ட பொருட்களுடன் நிறுத்தப்பட்டுள்ளது. 24 மணி நேரத்தில் ரூ 2,00,000 செலுத்தவும் இல்லையெனில் சட்ட நடவடிக்கை: https://kyc-update.top/now",1,ta,courier_parcel_scam,62,synthetic_seed_v1
Aapka order delivery ke liye nikal gaya hai. Delivery agent ko OTP 705621 dein. Track: https://www.amazon.in,0,hi_rom,ecommerce_legit,91,synthetic_seed_v1
"Aapko Suresh se UPI ke through Rs 1,250 mile hain. -Paytm",0,hi_rom,upi_legit,88,synthetic_seed_v1
"बधाई! आपका रु 1,00,000 का लोन बिना दस्तावेज़ के मंज़ूर हो गया। InstaPaisa डाउनलोड करें और तुरंत पैसे पाएं: https://rbi-refund.gq/form",1,hi_dev,instant_loan_app,57,synthetic_seed_v1
650017 is your OTP for DigiLocker login. Valid for 10 minutes. Do not share it. https://paytm.com,0,en,govt_service_legit,93,synthetic_seed_v1
"Your Paytm reward points worth Rs 50,000 expire TODAY. Redeem instantly here: http://paytm-kyc.link/verify",1,en,reward_points_expiry,75,synthetic_seed_v1
"Congratulations ग्राहक! You have WON Rs 2,00,000 in the SBI lucky draw. Claim now: https://kyc-update.top/now",1,en,lottery,11,synthetic_seed_v1
"Mumbai Police se baat kar rahe hain. Aapke naam par money laundering ka case hai. Aap digital arrest me hain, video call mat kaatiye aur Rs 1,00,000 verification account me bhejiye: https://hdfc-rewards.click/claim",1,hi_rom,digital_arrest,52,synthetic_seed_v1
Apna Rs 750 refund paane ke liye UPI request approve karein aur UPI PIN daalein: https://hdfc-rewards.click/claim,1,hi_rom,upi_collect_scam,64,synthetic_seed_v1
URGENT: Axis A/C XXXXX8830 blocked due to incomplete KYC. Update now to avoid permanent closure http://sbi-verify.xyz/login,1,en,kyc,1,synthetic_seed_v1
आपका ऑर्डर डिलीवरी के लिए निकल गया है। डिलीवरी एजेंट को OTP 338190 दें। ट्रैक करें: https://netbanking.hdfcbank.com,0,hi_dev,ecommerce_legit,92,synthetic_seed_v1
Yes Bank Sale is live! Flat 499 off on your next purchase. Shop now at https://onlinesbi.sbi,0,en,promo,36,synthetic_seed_v1
"Kotak Sale is live! Flat 9,999 off on your next purchase. Shop now at https://www.icicibank.com",0,en,promo,36,synthetic_seed_v1
अनुस्मारक: आपका रु 999 का बिजली बिल 5 तारीख को देय है। आधिकारिक ऐप से भुगतान करें https://onlinesbi.sbi,0,hi_dev,bill_legit,44,synthetic_seed_v1
"To RECEIVE your refund of Rs 999, approve the UPI request and enter your UPI PIN now: http://paytm-kyc.link/verify",1,en,upi_collect_scam,63,synthetic_seed_v1
URGENT: SBI A/C XXXXX3917 blocked due to incomplete KYC. Update now to avoid permanent closure https://secure-bank-login.xyz,1,en,kyc,1,synthetic_seed_v1
"ICICI support here. We noticed a failed transaction. To reverse it, share the OTP 338190 or install our app from http://sbi-verify.xyz/login. Call 9876543210.",1,en,fake_customer_care,67,synthetic_seed_v1
705621 aapka DigiLocker login OTP hai. 10 minute valid. Kisi ko na batayein. https://www.icicibank.com,0,hi_rom,govt_service_legit,94,synthetic_seed_v1
"Congrats! Your loan of Rs 50,000 is pre-approved with zero documents. Download TradeMax and get instant cash: https://hdfc-rewards.click/claim",1,en,instant_loan_app,55,synthetic_seed_v1
"आपका रु 50,000 का रिफंड लंबित है। इसे पाने के लिए बैंक विवरण सत्यापित करें: http://paytm-kyc.link/verify",1,hi_dev,refund,17,synthetic_seed_v1
"Aapke HDFC reward points jinki value Rs 9,999 hai aaj expire ho rahe hain. Abhi redeem karein: http://paytm-kyc.link/verify",1,hi_rom,reward_points_expiry,76,synthetic_seed_v1
"Yes Bank பாதுகாப்பு எச்சரிக்கை: உங்கள் கணக்கை சரிபார்க்க OTP 650017 ஐ பகிரவும், இல்லையெனில் முடக்கப்படும்.",1,ta,otp_scam,10,synthetic_seed_v1
Aapke khate XXXXX7766 me Rs 499 jama hue. Available balance update ho gaya. -SBI,0,hi_rom,txn_alert,29,synthetic_seed_v1
"आपका कूरियर कस्टम में रुका है और इसमें प्रतिबंधित सामान है। 24 घंटे में रु 9,999 क्लीयरेंस भरें वरना कानूनी कार्रवाई होगी: https://hdfc-rewards.click/claim",1,hi_dev,courier_parcel_scam,61,synthetic_seed_v1
991204 आपका DigiLocker लॉगिन OTP है। 10 मिनट के लिए वैध। किसी को न बताएं। https://www.icicibank.com,0,hi_dev,govt_service_legit,95,synthetic_seed_v1
991204 आपके PhonePe लॉगिन के लिए OTP है। इसे किसी के साथ साझा न करें। -PhonePe,0,hi_dev,otp_legit,34,synthetic_seed_v1
Aapka Paytm khata XXXXX7766 suspend kar diya gaya hai. Abhi KYC complete karein: https://rbi-refund.gq/form,1,hi_rom,kyc,3,synthetic_seed_v1
"You have received Rs 1,250 from Kavya via UPI. -PhonePe",0,en,upi_legit,87,synthetic_seed_v1
"To RECEIVE your refund of Rs 1,250, approve the UPI request and enter your UPI PIN now: http://paytm-kyc.link/verify",1,en,upi_collect_scam,63,synthetic_seed_v1
"Ghar baithe Rs 2,00,000 roz kamayein! Seats limited hain. Choti si fees ke saath register karein: https://hdfc-rewards.click/claim",1,hi_rom,job_scam,25,synthetic_seed_v1
"Dear Kavya, your Axis account is suspended. Complete KYC immediately or your account will be blocked: https://secure-bank-login.xyz",1,en,kyc,0,synthetic_seed_v1
Your order is out for delivery. Share OTP 991204 with the delivery agent to receive it. Track: https://paytm.com,0,en,ecommerce_legit,90,synthetic_seed_v1
"Hamare VIP group me judein, 200% return paayein! RupeeFast me Rs 50,000 jama karein aur 7 din me paisa double: https://kyc-update.top/now",1,hi_rom,investment_crypto,72,synthetic_seed_v1
"Your parcel is held at customs. Pay Rs 1,250 clearance fee within 24 hours or it will be returned: https://hdfc-rewards.click/claim",1,en,delivery_scam,18,synthetic_seed_v1
"प्रिय उपभोक्ता, बिल अपडेट न होने के कारण आज रात आपकी बिजली काट दी जाएगी। तुरंत 9876543210 पर संपर्क करें https://kyc-update.top/now",1,hi_dev,electricity,23,synthetic_seed_v1
"CBI se baat kar rahe hain. Aapke naam par money laundering ka case hai. Aap digital arrest me hain, video call mat kaatiye aur Rs 1,250 verification account me bhejiye: https://hdfc-rewards.click/claim",1,hi_rom,digital_arrest,52,synthetic_seed_v1
"You have received Rs 1,00,000 from Suresh via UPI. -SBI",0,en,upi_legit,87,synthetic_seed_v1
"Congrats! Your loan of Rs 9,999 is pre-approved with zero documents. Download TradeMax and get instant cash: https://hdfc-rewards.click/claim",1,en,instant_loan_app,55,synthetic_seed_v1
घर बैठे रोज रु 499 कमाएं! सीटें सीमित हैं। छोटी सी फीस देकर अभी रजिस्टर करें: https://rbi-refund.gq/form,1,hi_dev,job_scam,26,synthetic_seed_v1
"Dear Meena, your Yes Bank account is suspended. Complete KYC immediately or your account will be blocked: http://bit.ly/win-cash",1,en,kyc,0,synthetic_seed_v1
"You have received Rs 1,00,000 from customer via UPI. -Paytm",0,en,upi_legit,87,synthetic_seed_v1
"Badhai ho! Aap Yes Bank lucky draw me Rs 2,00,000 jeet gaye hain. Abhi claim karein: https://hdfc-rewards.click/claim",1,hi_rom,lottery,12,synthetic_seed_v1
This is Customs Department. Your bank account is linked to a money-laundering case. You are under digital arrest. Stay on this video call and transfer Rs 750 to the verification account or be arrested: https://secure-bank-login.xyz,1,en,digital_arrest,50,synthetic_seed_v1
"ICICI se: account verify karne ke liye OTP 705621 abhi share karein, nahi to account band ho jayega.",1,hi_rom,otp_scam,8,synthetic_seed_v1
"Paytm support here. We noticed a failed transaction. To reverse it, share the OTP 650017 or install our app from http://sbi-verify.xyz/login. Call 1800111.",1,en,fake_customer_care,67,synthetic_seed_v1
Axis support se. Aapka transaction fail hua hai. Reverse karne ke liye OTP 705621 batayein ya http://sbi-verify.xyz/login se app install karein. Call 9876543210.,1,hi_rom,fake_customer_care,68,synthetic_seed_v1
வாழ்த்துக்கள்! நீங்கள் Yes Bank லக்கி டிராவில் ரூ 499 வென்றுள்ளீர்கள். இப்போது claim செய்யவும்: http://icici-netbanking.online/auth,1,ta,lottery,114,synthetic_seed_v1
"ICICI sale shuru! Agli kharidari par 1,250 ki chhoot. Abhi kharidein https://netbanking.hdfcbank.com",0,hi_rom,promo,37,synthetic_seed_v1
Your ICICI reward points worth Rs 999 expire TODAY. Redeem instantly here: http://paytm-kyc.link/verify,1,en,reward_points_expiry,75,synthetic_seed_v1
Aapka courier customs me ruka hai. 24 ghante me Rs 999 fees bharein warna wapas chala jayega: https://rbi-refund.gq/form,1,hi_rom,delivery_scam,19,synthetic_seed_v1
Axis பாதுகாப்பு: உங்கள் கணக்கை சரிபார்க்க OTP 482913 ஐ உடனே பகிரவும் இல்லையெனில் முடக்கப்படும்.,1,ta,otp_scam,113,synthetic_seed_v1
Your FedEx parcel is held at customs and contains banned items. Pay Rs 499 clearance within 24 hours or face legal action: http://sbi-verify.xyz/login,1,en,courier_parcel_scam,59,synthetic_seed_v1
"बधाई हो! आप SBI लकी ड्रॉ में रु 50,000 जीत गए हैं। अभी इनाम क्लेम करें: https://hdfc-rewards.click/claim",1,hi_dev,lottery,13,synthetic_seed_v1
"आपका रु 9,999 का रिफंड लंबित है। इसे पाने के लिए बैंक विवरण सत्यापित करें: http://icici-netbanking.online/auth",1,hi_dev,refund,17,synthetic_seed_v1
"PhonePe security alert: share the OTP 482913 sent to your phone to verify your account, else it will be deactivated.",1,en,otp_scam,7,synthetic_seed_v1
705621 aapka DigiLocker login OTP hai. 10 minute valid. Kisi ko na batayein. https://onlinesbi.sbi,0,hi_rom,govt_service_legit,94,synthetic_seed_v1
"आपका कूरियर कस्टम में रुका है और इसमें प्रतिबंधित सामान है। 24 घंटे में रु 9,999 क्लीयरेंस भरें वरना कानूनी कार्रवाई होगी: http://bit.ly/win-cash",1,hi_dev,courier_parcel_scam,61,synthetic_seed_v1
"ஹாய் Arjun, நாளை மதியம் 1 மணிக்கு சந்திக்கலாமா?",0,ta,chat,49,synthetic_seed_v1
Reminder: your electricity bill of Rs 499 is due on 5th. Pay via the official app https://paytm.com,0,en,bill_legit,42,synthetic_seed_v1
"आपका पार्सल कस्टम में रुका है। 24 घंटे में रु 50,000 शुल्क भरें अन्यथा वापस भेज दिया जाएगा: http://icici-netbanking.online/auth",1,hi_dev,delivery_scam,20,synthetic_seed_v1
"Dear customer, your Axis account is suspended. Complete KYC immediately or your account will be blocked: https://secure-bank-login.xyz",1,en,kyc,0,synthetic_seed_v1
Paytm Sale is live! Flat 750 off on your next purchase. Shop now at https://netbanking.hdfcbank.com,0,en,promo,36,synthetic_seed_v1
"प्रिय ग्राहक, आपके खाते XXXXX3917 में रु 499 जमा हुए। उपलब्ध शेष अपडेट किया गया। -PhonePe",0,hi_dev,txn_alert,30,synthetic_seed_v1
"प्रिय ग्राहक, आपके खाते XXXXX8830 में रु 499 जमा हुए। उपलब्ध शेष अपडेट किया गया। -SBI",0,hi_dev,txn_alert,30,synthetic_seed_v1
"வாழ்த்துக்கள்! நீங்கள் Kotak லக்கி டிராவில் ரூ 1,250 வென்றுள்ளீர்கள். இப்போது claim செய்யவும்: http://sbi-verify.xyz/login",1,ta,lottery,14,synthetic_seed_v1
338190 is your OTP for Axis login. Do NOT share it with anyone. -Axis,0,en,otp_legit,32,synthetic_seed_v1
"Hi, your appointment with Dr. Priya is confirmed for Monday 11 AM at the clinic.",0,en,everyday_legit,96,synthetic_seed_v1
"Hey Suresh, are we still meeting for lunch at 1pm tomorrow?",0,en,chat,45,synthetic_seed_v1
Your Axis reward points worth Rs 750 expire TODAY. Redeem instantly here: http://sbi-verify.xyz/login,1,en,reward_points_expiry,75,synthetic_seed_v1
"Dear consumer, your electricity will be disconnected tonight as your bill is not updated. Call 18001234 immediately https://secure-bank-login.xyz",1,en,electricity,21,synthetic_seed_v1
Your parcel is held at customs. Pay Rs 750 clearance fee within 24 hours or it will be returned: http://icici-netbanking.online/auth,1,en,delivery_scam,18,synthetic_seed_v1
Kotak सपोर्ट से। आपका लेनदेन विफल हुआ है। इसे वापस करने के लिए OTP 482913 बताएं या https://rbi-refund.gq/form से ऐप इंस्टॉल करें। कॉल 08041234567।,1,hi_dev,fake_customer_care,69,synthetic_seed_v1
"உங்கள் ரூ 1,250 திரும்பப் பெற UPI கோரிக்கையை அங்கீகரித்து UPI பின்னை உள்ளிடவும்: http://bit.ly/win-cash",1,ta,upi_collect_scam,66,synthetic_seed_v1
991204 உங்கள் Kotak உள்நுழைவுக்கான OTP. யாருடனும் பகிர வேண்டாம். -Kotak,0,ta,otp_legit,35,synthetic_seed_v1
338190 is your OTP for DigiLocker login. Valid for 10 minutes. Do not share it. https://www.icicibank.com,0,en,govt_service_legit,93,synthetic_seed_v1
Congrats! Your loan of Rs 999 is pre-approved with zero documents. Download QuickRupee and get instant cash: http://sbi-verify.xyz/login,1,en,instant_loan_app,55,synthetic_seed_v1
"Dear consumer, your electricity will be disconnected tonight as your bill is not updated. Call 18001234 immediately http://sbi-verify.xyz/login",1,en,electricity,21,synthetic_seed_v1
705621 is your OTP for DigiLocker login. Valid for 10 minutes. Do not share it. https://onlinesbi.sbi,0,en,govt_service_legit,93,synthetic_seed_v1
"To RECEIVE your refund of Rs 999, approve the UPI request and enter your UPI PIN now: https://kyc-update.top/now",1,en,upi_collect_scam,63,synthetic_seed_v1
உங்கள் KYC நிலுவையில் இருப்பதால் இன்றிரவு மின் இணைப்பு துண்டிக்கப்படும். இப்போது புதுப்பிக்கவும் அல்லது 18001234 ஐ அழைக்கவும்: http://paytm-kyc.link/verify,1,ta,utility_kyc,82,synthetic_seed_v1
"உங்கள் ரூ 9,999 திரும்பப் பெற UPI கோரிக்கையை அங்கீகரித்து UPI பின்னை உள்ளிடவும்: https://hdfc-rewards.click/claim",1,ta,upi_collect_scam,66,synthetic_seed_v1
"PhonePe se: account verify karne ke liye OTP 650017 abhi share karein, nahi to account band ho jayega.",1,hi_rom,otp_scam,8,synthetic_seed_v1
"உங்கள் ரூ 2,00,000 திரும்பப் பணம் நிலுவையில் உள்ளது. பெற வங்கி விவரங்களை சரிபார்க்கவும்: https://hdfc-rewards.click/claim",1,ta,refund,115,synthetic_seed_v1
HDFC சலுகை! இன்று எலெக்ட்ரானிக்ஸ் பொருட்களில் தள்ளுபடி. இப்போது வாங்குங்கள்: https://onlinesbi.sbi,0,ta,promo,118,synthetic_seed_v1
உங்கள் பார்சல் சுங்கத்தில் தடைசெய்யப்பட்ட பொருட்களுடன் நிறுத்தப்பட்டுள்ளது. 24 மணி நேரத்தில் ரூ 499 செலுத்தவும் இல்லையெனில் சட்ட நடவடிக்கை: http://bit.ly/win-cash,1,ta,courier_parcel_scam,62,synthetic_seed_v1
"Kotak सेल लाइव है! अगली खरीद पर 9,999 की छूट। अभी खरीदें https://paytm.com",0,hi_dev,promo,38,synthetic_seed_v1
"உங்கள் கணக்கு XXXXX8830 இல் ரூ 2,00,000 வரவு வைக்கப்பட்டது. இருப்பு புதுப்பிக்கப்பட்டது. -Kotak",0,ta,txn_alert,31,synthetic_seed_v1
வாழ்த்துக்கள்! நீங்கள் ICICI லக்கி டிராவில் ரூ 999 வென்றுள்ளீர்கள். இப்போது claim செய்யவும்: http://sbi-verify.xyz/login,1,ta,lottery,114,synthetic_seed_v1
705621 உங்கள் Paytm உள்நுழைவுக்கான OTP. யாருடனும் பகிர வேண்டாம். -Paytm,0,ta,otp_legit,117,synthetic_seed_v1
"Your refund of Rs 50,000 is pending. Verify your bank details to receive it: https://rbi-refund.gq/form",1,en,refund,15,synthetic_seed_v1
PhonePe सपोर्ट से। आपका लेनदेन विफल हुआ है। इसे वापस करने के लिए OTP 482913 बताएं या https://kyc-update.top/now से ऐप इंस्टॉल करें। कॉल 18001234।,1,hi_dev,fake_customer_care,69,synthetic_seed_v1
"Yaad dilaye: aapka Rs 2,00,000 ka bijli bill 5 tarikh ko due hai. Official app se bharein https://netbanking.hdfcbank.com",0,hi_rom,bill_legit,43,synthetic_seed_v1
"अपना रु 1,250 रिफंड पाने के लिए UPI रिक्वेस्ट अप्रूव करें और UPI पिन डालें: http://paytm-kyc.link/verify",1,hi_dev,upi_collect_scam,65,synthetic_seed_v1
"आपका कूरियर कस्टम में रुका है और इसमें प्रतिबंधित सामान है। 24 घंटे में रु 50,000 क्लीयरेंस भरें वरना कानूनी कार्रवाई होगी: http://bit.ly/win-cash",1,hi_dev,courier_parcel_scam,61,synthetic_seed_v1
"நான் ராணுவ அதிகாரி, உங்கள் OLX பொருள் வேண்டும். ரூ 1,00,000 QR மூலம் அனுப்புகிறேன், பெற ஸ்கேன் செய்து அங்கீகரிக்கவும்: http://icici-netbanking.online/auth",1,ta,marketplace_qr_scam,86,synthetic_seed_v1
आपका ऑर्डर डिलीवरी के लिए निकल गया है। डिलीवरी एजेंट को OTP 705621 दें। ट्रैक करें: https://paytm.com,0,hi_dev,ecommerce_legit,92,synthetic_seed_v1
Badhai! Aapka Rs 750 ka loan bina document ke approve ho gaya. InstaPaisa download karein aur turant paisa payein: http://bit.ly/win-cash,1,hi_rom,instant_loan_app,56,synthetic_seed_v1
"Aapka courier customs me ruka hai, isme banned saman hai. 24 ghante me Rs 999 clearance bhare warna legal action hoga: https://rbi-refund.gq/form",1,hi_rom,courier_parcel_scam,60,synthetic_seed_v1
"PhonePe सेल लाइव है! अगली खरीद पर 1,250 की छूट। अभी खरीदें https://www.icicibank.com",0,hi_dev,promo,38,synthetic_seed_v1
705621 आपका DigiLocker लॉगिन OTP है। 10 मिनट के लिए वैध। किसी को न बताएं। https://www.amazon.in,0,hi_dev,govt_service_legit,95,synthetic_seed_v1
"Reminder: your electricity bill of Rs 9,999 is due on 5th. Pay via the official app https://www.amazon.in",0,en,bill_legit,42,synthetic_seed_v1
"प्रिय ग्राहक, आपके खाते XXXXX0571 में रु 750 जमा हुए। उपलब्ध शेष अपडेट किया गया। -Kotak",0,hi_dev,txn_alert,30,synthetic_seed_v1
"To RECEIVE your refund of Rs 1,250, approve the UPI request and enter your UPI PIN now: https://kyc-update.top/now",1,en,upi_collect_scam,63,synthetic_seed_v1
"customer, நாளை காலை 10 மணிக்கு கூட்டம் உள்ளது, சரியான நேரத்தில் வாருங்கள்.",0,ta,everyday_legit,109,synthetic_seed_v1
"Mumbai Police se baat kar rahe hain. Aapke naam par money laundering ka case hai. Aap digital arrest me hain, video call mat kaatiye aur Rs 50,000 verification account me bhejiye: https://secure-bank-login.xyz",1,hi_rom,digital_arrest,52,synthetic_seed_v1
अनुस्मारक: आपका रु 499 का बिजली बिल 5 तारीख को देय है। आधिकारिक ऐप से भुगतान करें https://www.icicibank.com,0,hi_dev,bill_legit,44,synthetic_seed_v1
"आपको Rahul से UPI के माध्यम से रु 1,00,000 प्राप्त हुए हैं। -Kotak",0,hi_dev,upi_legit,89,synthetic_seed_v1
"Your FedEx parcel is held at customs and contains banned items. Pay Rs 9,999 clearance within 24 hours or face legal action: https://rbi-refund.gq/form",1,en,courier_parcel_scam,59,synthetic_seed_v1
Rs 750 debited from A/C XXXXX7766 for UPI payment. Not you? Call 08041234567. -HDFC,0,en,txn_alert,28,synthetic_seed_v1
உங்கள் KYC நிலுவையில் இருப்பதால் இன்றிரவு மின் இணைப்பு துண்டிக்கப்படும். இப்போது புதுப்பிக்கவும் அல்லது 08041234567 ஐ அழைக்கவும்: http://bit.ly/win-cash,1,ta,utility_kyc,82,synthetic_seed_v1
"Dear Rahul, your A/C XXXXX0571 is credited with Rs 9,999 on 27JUN. Avl Bal updated. -HDFC",0,en,txn_alert,27,synthetic_seed_v1
"मैं आर्मी अफसर हूं, आपका OLX सामान चाहिए। रु 9,999 QR से भेज रहा हूं, पाने के लिए स्कैन करके अप्रूव करें: https://rbi-refund.gq/form",1,hi_dev,marketplace_qr_scam,85,synthetic_seed_v1
"Income Tax Department notice: a parcel with illegal items was seized in your name. Call 08041234567 immediately and do NOT disconnect. Pay Rs 1,250 for case clearance: https://secure-bank-login.xyz",1,en,digital_arrest,51,synthetic_seed_v1
"CBI se baat kar rahe hain. Aapke naam par money laundering ka case hai. Aap digital arrest me hain, video call mat kaatiye aur Rs 999 verification account me bhejiye: https://rbi-refund.gq/form",1,hi_rom,digital_arrest,52,synthetic_seed_v1
"Work from home and earn Rs 2,00,000 daily! Limited seats. Register now with a small fee: https://secure-bank-login.xyz",1,en,job_scam,24,synthetic_seed_v1
"ரூ 50,000 மதிப்புள்ள உங்கள் PhonePe வெகுமதி புள்ளிகள் இன்று காலாவதியாகின்றன. இப்போது மீட்டெடுக்கவும்: https://rbi-refund.gq/form",1,ta,reward_points_expiry,78,synthetic_seed_v1
"Rs 1,250 debited from A/C XXXXX1042 for UPI payment. Not you? Call 1800111. -SBI",0,en,txn_alert,28,synthetic_seed_v1
991204 आपका DigiLocker लॉगिन OTP है। 10 मिनट के लिए वैध। किसी को न बताएं। https://onlinesbi.sbi,0,hi_dev,govt_service_legit,95,synthetic_seed_v1
உங்கள் ICICI கணக்கு முடக்கப்படும். உடனே KYC புதுப்பிக்கவும் இல்லையெனில் கணக்கு நிரந்தரமாக மூடப்படும்: https://rbi-refund.gq/form,1,ta,kyc,112,synthetic_seed_v1
"Narcotics Control Bureau se baat kar rahe hain. Aapke naam par money laundering ka case hai. Aap digital arrest me hain, video call mat kaatiye aur Rs 9,999 verification account me bhejiye: http://paytm-kyc.link/verify",1,hi_rom,digital_arrest,52,synthetic_seed_v1
"Main Army officer hoon, aapka OLX saman chahiye. Rs 50,000 QR se bhej raha hoon, receive karne ke liye scan karke approve karein: http://sbi-verify.xyz/login",1,hi_rom,marketplace_qr_scam,84,synthetic_seed_v1
"வாழ்த்துக்கள்! நீங்கள் Yes Bank லக்கி டிராவில் ரூ 9,999 வென்றுள்ளீர்கள். இப்போது claim செய்யவும்: https://rbi-refund.gq/form",1,ta,lottery,114,synthetic_seed_v1
650017 aapka Kotak login OTP hai. Ise kisi ke saath share na karein. -Kotak,0,hi_rom,otp_legit,33,synthetic_seed_v1
"Your FedEx parcel is held at customs and contains banned items. Pay Rs 1,250 clearance within 24 hours or face legal action: http://bit.ly/win-cash",1,en,courier_parcel_scam,59,synthetic_seed_v1
482913 is your OTP for DigiLocker login. Valid for 10 minutes. Do not share it. https://www.amazon.in,0,en,govt_service_legit,93,synthetic_seed_v1
Yaad dilaye: aapka Rs 499 ka bijli bill 5 tarikh ko due hai. Official app se bharein https://onlinesbi.sbi,0,hi_rom,bill_legit,43,synthetic_seed_v1
"यह CBI है। आपके खाते पर मनी लॉन्ड्रिंग का मामला दर्ज है। आप डिजिटल अरेस्ट में हैं, वीडियो कॉल न काटें और रु 1,00,000 वेरिफिकेशन खाते में भेजें: https://rbi-refund.gq/form",1,hi_dev,digital_arrest,53,synthetic_seed_v1
जरूरी सूचना: आपका Paytm खाता XXXXX1042 केवाईसी अधूरी होने के कारण बंद किया जा रहा है। अभी सत्यापित करें http://sbi-verify.xyz/login,1,hi_dev,kyc,5,synthetic_seed_v1
Join our VIP group and earn 200% returns! Deposit Rs 750 in LoanKamao and double your money in 7 days: http://paytm-kyc.link/verify,1,en,investment_crypto,71,synthetic_seed_v1
PhonePe ஆதரவு. உங்கள் பரிவர்த்தனை தோல்வியடைந்தது. மாற்ற OTP 991204 பகிரவும் அல்லது https://hdfc-rewards.click/claim இல் இருந்து செயலியை நிறுவவும். 18001234 ஐ அழைக்கவும்.,1,ta,fake_customer_care,70,synthetic_seed_v1
ICICI support se. Aapka transaction fail hua hai. Reverse karne ke liye OTP 650017 batayein ya https://kyc-update.top/now se app install karein. Call 1800111.,1,hi_rom,fake_customer_care,68,synthetic_seed_v1
991204 aapka DigiLocker login OTP hai. 10 minute valid. Kisi ko na batayein. https://www.amazon.in,0,hi_rom,govt_service_legit,94,synthetic_seed_v1
"Dear ग्राहक, your A/C XXXXX1042 is credited with Rs 499 on 27JUN. Avl Bal updated. -Yes Bank",0,en,txn_alert,27,synthetic_seed_v1
"मैं आर्मी अफसर हूं, आपका OLX सामान चाहिए। रु 50,000 QR से भेज रहा हूं, पाने के लिए स्कैन करके अप्रूव करें: https://secure-bank-login.xyz",1,hi_dev,marketplace_qr_scam,85,synthetic_seed_v1
"HDFC security alert: share the OTP 482913 sent to your phone to verify your account, else it will be deactivated.",1,en,otp_scam,7,synthetic_seed_v1
ரூ 499 மதிப்புள்ள உங்கள் ICICI வெகுமதி புள்ளிகள் இன்று காலாவதியாகின்றன. இப்போது மீட்டெடுக்கவும்: http://sbi-verify.xyz/login,1,ta,reward_points_expiry,78,synthetic_seed_v1
"Axis sale shuru! Agli kharidari par 2,00,000 ki chhoot. Abhi kharidein https://paytm.com",0,hi_rom,promo,37,synthetic_seed_v1
"I am an Army officer interested in your OLX item. I will send Rs 1,00,000 via this QR — just scan and approve to receive the money: http://sbi-verify.xyz/login",1,en,marketplace_qr_scam,83,synthetic_seed_v1
Your electricity connection will be disconnected tonight as your KYC is pending. Update now or call 1800111: https://hdfc-rewards.click/claim,1,en,utility_kyc,79,synthetic_seed_v1
"எங்கள் VIP குழுவில் சேருங்கள், 200% லாபம்! LoanKamao இல் ரூ 1,00,000 டெபாசிட் செய்து 7 நாட்களில் பணத்தை இரட்டிப்பாக்குங்கள்: https://rbi-refund.gq/form",1,ta,investment_crypto,74,synthetic_seed_v1
"Dear consumer, your electricity will be disconnected tonight as your bill is not updated. Call 9876543210 immediately http://paytm-kyc.link/verify",1,en,electricity,21,synthetic_seed_v1
Aapka order delivery ke liye nikal gaya hai. Delivery agent ko OTP 650017 dein. Track: https://netbanking.hdfcbank.com,0,hi_rom,ecommerce_legit,91,synthetic_seed_v1
"Customs Department se baat kar rahe hain. Aapke naam par money laundering ka case hai. Aap digital arrest me hain, video call mat kaatiye aur Rs 2,00,000 verification account me bhejiye: https://secure-bank-login.xyz",1,hi_rom,digital_arrest,52,synthetic_seed_v1
"मैं आर्मी अफसर हूं, आपका OLX सामान चाहिए। रु 50,000 QR से भेज रहा हूं, पाने के लिए स्कैन करके अप्रूव करें: http://icici-netbanking.online/auth",1,hi_dev,marketplace_qr_scam,85,synthetic_seed_v1
Priya Kotak account band ho jayega! Turant KYC update karo varna account block ho jayega: http://paytm-kyc.link/verify,1,hi_rom,kyc,2,synthetic_seed_v1
TRAI notice: a parcel with illegal items was seized in your name. Call 9876543210 immediately and do NOT disconnect. Pay Rs 999 for case clearance: https://hdfc-rewards.click/claim,1,en,digital_arrest,51,synthetic_seed_v1
"बधाई! आपका रु 1,00,000 का लोन बिना दस्तावेज़ के मंज़ूर हो गया। CashBee डाउनलोड करें और तुरंत पैसे पाएं: http://icici-netbanking.online/auth",1,hi_dev,instant_loan_app,57,synthetic_seed_v1
Badhai! Aapka Rs 499 ka loan bina document ke approve ho gaya. QuickRupee download karein aur turant paisa payein: https://kyc-update.top/now,1,hi_rom,instant_loan_app,56,synthetic_seed_v1
"வாழ்த்துக்கள்! நீங்கள் SBI லக்கி டிராவில் ரூ 50,000 வென்றுள்ளீர்கள். இப்போது claim செய்யவும்: http://sbi-verify.xyz/login",1,ta,lottery,14,synthetic_seed_v1
வாழ்த்துக்கள்! நீங்கள் SBI லக்கி டிராவில் ரூ 750 வென்றுள்ளீர்கள். இப்போது claim செய்யவும்: https://rbi-refund.gq/form,1,ta,lottery,114,synthetic_seed_v1
Your FedEx parcel is held at customs and contains banned items. Pay Rs 750 clearance within 24 hours or face legal action: http://sbi-verify.xyz/login,1,en,courier_parcel_scam,59,synthetic_seed_v1
"SBI security alert: share the OTP 705621 sent to your phone to verify your account, else it will be deactivated.",1,en,otp_scam,7,synthetic_seed_v1
"मैं आर्मी अफसर हूं, आपका OLX सामान चाहिए। रु 1,250 QR से भेज रहा हूं, पाने के लिए स्कैन करके अप्रूव करें: https://kyc-update.top/now",1,hi_dev,marketplace_qr_scam,85,synthetic_seed_v1
உங்கள் PhonePe கணக்கு முடக்கப்படும். உடனே KYC புதுப்பிக்கவும் இல்லையெனில் கணக்கு நிரந்தரமாக மூடப்படும்: http://icici-netbanking.online/auth,1,ta,kyc,112,synthetic_seed_v1
PhonePe பாதுகாப்பு: உங்கள் கணக்கை சரிபார்க்க OTP 338190 ஐ உடனே பகிரவும் இல்லையெனில் முடக்கப்படும்.,1,ta,otp_scam,113,synthetic_seed_v1
ரூ 999 மதிப்புள்ள உங்கள் Paytm வெகுமதி புள்ளிகள் இன்று காலாவதியாகின்றன. இப்போது மீட்டெடுக்கவும்: http://paytm-kyc.link/verify,1,ta,reward_points_expiry,78,synthetic_seed_v1
"Kotak support here. We noticed a failed transaction. To reverse it, share the OTP 705621 or install our app from http://sbi-verify.xyz/login. Call 18001234.",1,en,fake_customer_care,67,synthetic_seed_v1
"Badhai! Aapka Rs 50,000 ka loan bina document ke approve ho gaya. QuickRupee download karein aur turant paisa payein: http://bit.ly/win-cash",1,hi_rom,instant_loan_app,56,synthetic_seed_v1
"Work from home and earn Rs 1,00,000 daily! Limited seats. Register now with a small fee: https://secure-bank-login.xyz",1,en,job_scam,24,synthetic_seed_v1
"Dear consumer, your electricity will be disconnected tonight as your bill is not updated. Call 1800111 immediately https://rbi-refund.gq/form",1,en,electricity,21,synthetic_seed_v1
"Cyber Crime Branch notice: a parcel with illegal items was seized in your name. Call 9876543210 immediately and do NOT disconnect. Pay Rs 1,250 for case clearance: http://icici-netbanking.online/auth",1,en,digital_arrest,51,synthetic_seed_v1
"Kotak sale shuru! Agli kharidari par 1,00,000 ki chhoot. Abhi kharidein https://netbanking.hdfcbank.com",0,hi_rom,promo,37,synthetic_seed_v1
"உங்கள் கணக்கு XXXXX7766 இல் ரூ 1,00,000 வரவு வைக்கப்பட்டது. இருப்பு புதுப்பிக்கப்பட்டது. -Yes Bank",0,ta,txn_alert,116,synthetic_seed_v1
991204 आपके ICICI लॉगिन के लिए OTP है। इसे किसी के साथ साझा न करें। -ICICI,0,hi_dev,otp_legit,34,synthetic_seed_v1
"Badhai! Aapka Rs 9,999 ka loan bina document ke approve ho gaya. InstaPaisa download karein aur turant paisa payein: http://paytm-kyc.link/verify",1,hi_rom,instant_loan_app,56,synthetic_seed_v1
"Yes Bank support here. We noticed a failed transaction. To reverse it, share the OTP 991204 or install our app from https://hdfc-rewards.click/claim. Call 08041234567.",1,en,fake_customer_care,67,synthetic_seed_v1
482913 is your OTP for Axis login. Do NOT share it with anyone. -Axis,0,en,otp_legit,32,synthetic_seed_v1
வாழ்த்துக்கள்! நீங்கள் ICICI லக்கி டிராவில் ரூ 750 வென்றுள்ளீர்கள். இப்போது claim செய்யவும்: http://sbi-verify.xyz/login,1,ta,lottery,14,synthetic_seed_v1
"यह Income Tax Department है। आपके खाते पर मनी लॉन्ड्रिंग का मामला दर्ज है। आप डिजिटल अरेस्ट में हैं, वीडियो कॉल न काटें और रु 9,999 वेरिफिकेशन खाते में भेजें: https://hdfc-rewards.click/claim",1,hi_dev,digital_arrest,53,synthetic_seed_v1
Aapka order delivery ke liye nikal gaya hai. Delivery agent ko OTP 705621 dein. Track: https://onlinesbi.sbi,0,hi_rom,ecommerce_legit,91,synthetic_seed_v1
Aaj raat aapki bijli kaat di jayegi kyunki bill update nahi hua. Turant 1800111 par call karein http://bit.ly/win-cash,1,hi_rom,electricity,22,synthetic_seed_v1
SBI सपोर्ट से। आपका लेनदेन विफल हुआ है। इसे वापस करने के लिए OTP 705621 बताएं या https://kyc-update.top/now से ऐप इंस्टॉल करें। कॉल 18001234।,1,hi_dev,fake_customer_care,69,synthetic_seed_v1
"Meena, kal subah 10 baje meeting hai, time par aa jana.",0,hi_rom,everyday_legit,101,synthetic_seed_v1
"Your parcel is held at customs. Pay Rs 50,000 clearance fee within 24 hours or it will be returned: http://sbi-verify.xyz/login",1,en,delivery_scam,18,synthetic_seed_v1
Congratulations Priya! You have WON Rs 999 in the Kotak lucky draw. Claim now: https://rbi-refund.gq/form,1,en,lottery,11,synthetic_seed_v1
"Congrats! Your loan of Rs 1,250 is pre-approved with zero documents. Download TradeMax and get instant cash: http://sbi-verify.xyz/login",1,en,instant_loan_app,55,synthetic_seed_v1
650017 aapka SBI login OTP hai. Ise kisi ke saath share na karein. -SBI,0,hi_rom,otp_legit,33,synthetic_seed_v1
Aapke khate XXXXX7766 me Rs 499 jama hue. Available balance update ho gaya. -PhonePe,0,hi_rom,txn_alert,29,synthetic_seed_v1
"Dear Priya, your PhonePe account is suspended. Complete KYC immediately or your account will be blocked: http://sbi-verify.xyz/login",1,en,kyc,0,synthetic_seed_v1
SBI सपोर्ट से। आपका लेनदेन विफल हुआ है। इसे वापस करने के लिए OTP 705621 बताएं या https://secure-bank-login.xyz से ऐप इंस्टॉल करें। कॉल 18001234।,1,hi_dev,fake_customer_care,69,synthetic_seed_v1
"आपका रु 2,00,000 का रिफंड लंबित है। इसे पाने के लिए बैंक विवरण सत्यापित करें: https://rbi-refund.gq/form",1,hi_dev,refund,17,synthetic_seed_v1
"Yes Bank se: account verify karne ke liye OTP 482913 abhi share karein, nahi to account band ho jayega.",1,hi_rom,otp_scam,8,synthetic_seed_v1
"मैं आर्मी अफसर हूं, आपका OLX सामान चाहिए। रु 499 QR से भेज रहा हूं, पाने के लिए स्कैन करके अप्रूव करें: https://kyc-update.top/now",1,hi_dev,marketplace_qr_scam,85,synthetic_seed_v1
"உங்கள் கணக்கு XXXXX1042 இல் ரூ 1,00,000 வரவு வைக்கப்பட்டது. இருப்பு புதுப்பிக்கப்பட்டது. -Yes Bank",0,ta,txn_alert,31,synthetic_seed_v1
PhonePe सुरक्षा: अपना खाता सत्यापित करने के लिए OTP 338190 तुरंत बताएं अन्यथा खाता निष्क्रिय हो जाएगा।,1,hi_dev,otp_scam,9,synthetic_seed_v1
"प्रिय ग्राहक, आपका Yes Bank खाता बंद हो जाएगा। तुरंत KYC अपडेट करें वरना खाता ब्लॉक हो जाएगा: https://kyc-update.top/now",1,hi_dev,kyc,4,synthetic_seed_v1
आपका कूरियर कस्टम में रुका है और इसमें प्रतिबंधित सामान है। 24 घंटे में रु 999 क्लीयरेंस भरें वरना कानूनी कार्रवाई होगी: https://kyc-update.top/now,1,hi_dev,courier_parcel_scam,61,synthetic_seed_v1
"अरे Suresh, कल दोपहर 1 बजे लंच पर मिल रहे हैं ना?",0,hi_dev,chat,48,synthetic_seed_v1
உங்கள் கணக்கு XXXXX0571 இல் ரூ 499 வரவு வைக்கப்பட்டது. இருப்பு புதுப்பிக்கப்பட்டது. -HDFC,0,ta,txn_alert,31,synthetic_seed_v1
Axis ஆதரவு. உங்கள் பரிவர்த்தனை தோல்வியடைந்தது. மாற்ற OTP 705621 பகிரவும் அல்லது https://kyc-update.top/now இல் இருந்து செயலியை நிறுவவும். 08041234567 ஐ அழைக்கவும்.,1,ta,fake_customer_care,70,synthetic_seed_v1
"Suresh, நாளை காலை 10 மணிக்கு கூட்டம் உள்ளது, சரியான நேரத்தில் வாருங்கள்.",0,ta,everyday_legit,109,synthetic_seed_v1
"SBI security alert: share the OTP 338190 sent to your phone to verify your account, else it will be deactivated.",1,en,otp_scam,7,synthetic_seed_v1
Aapka Yes Bank khata XXXXX8830 suspend kar diya gaya hai. Abhi KYC complete karein: http://paytm-kyc.link/verify,1,hi_rom,kyc,3,synthetic_seed_v1
SBI support se. Aapka transaction fail hua hai. Reverse karne ke liye OTP 650017 batayein ya http://bit.ly/win-cash se app install karein. Call 1800111.,1,hi_rom,fake_customer_care,68,synthetic_seed_v1
உங்கள் பார்சல் சுங்கத்தில் தடைசெய்யப்பட்ட பொருட்களுடன் நிறுத்தப்பட்டுள்ளது. 24 மணி நேரத்தில் ரூ 999 செலுத்தவும் இல்லையெனில் சட்ட நடவடிக்கை: http://bit.ly/win-cash,1,ta,courier_parcel_scam,62,synthetic_seed_v1
"ஹாய் Kavya, நாளை மதியம் 1 மணிக்கு சந்திக்கலாமா?",0,ta,chat,49,synthetic_seed_v1
"உங்கள் ரூ 9,999 திரும்பப் பணம் நிலுவையில் உள்ளது. பெற வங்கி விவரங்களை சரிபார்க்கவும்: https://rbi-refund.gq/form",1,ta,refund,115,synthetic_seed_v1
जरूरी सूचना: आपका Kotak खाता XXXXX3917 केवाईसी अधूरी होने के कारण बंद किया जा रहा है। अभी सत्यापित करें http://icici-netbanking.online/auth,1,hi_dev,kyc,5,synthetic_seed_v1
"घर बैठे रोज रु 1,00,000 कमाएं! सीटें सीमित हैं। छोटी सी फीस देकर अभी रजिस्टर करें: https://secure-bank-login.xyz",1,hi_dev,job_scam,26,synthetic_seed_v1
"Your parcel is held at customs. Pay Rs 2,00,000 clearance fee within 24 hours or it will be returned: https://hdfc-rewards.click/claim",1,en,delivery_scam,18,synthetic_seed_v1
Your order is out for delivery. Share OTP 991204 with the delivery agent to receive it. Track: https://www.icicibank.com,0,en,ecommerce_legit,90,synthetic_seed_v1
Yes Bank சலுகை! இன்று எலெக்ட்ரானிக்ஸ் பொருட்களில் தள்ளுபடி. இப்போது வாங்குங்கள்: https://www.amazon.in,0,ta,promo,118,synthetic_seed_v1
482913 आपका DigiLocker लॉगिन OTP है। 10 मिनट के लिए वैध। किसी को न बताएं। https://netbanking.hdfcbank.com,0,hi_dev,govt_service_legit,95,synthetic_seed_v1
आपका बिजली कनेक्शन आज रात कट जाएगा क्योंकि KYC लंबित है। अभी अपडेट करें या 08041234567 पर कॉल करें: https://kyc-update.top/now,1,hi_dev,utility_kyc,81,synthetic_seed_v1
"Hi, your appointment with Dr. Arjun is confirmed for Monday 11 AM at the clinic.",0,en,everyday_legit,96,synthetic_seed_v1
"இது Narcotics Control Bureau. உங்கள் பெயரில் பணமோசடி வழக்கு பதிவாகியுள்ளது. நீங்கள் டிஜிட்டல் கைது செய்யப்பட்டுள்ளீர்கள், வீடியோ அழைப்பை துண்டிக்காதீர்கள், ரூ 750 அனுப்பவும்: http://paytm-kyc.link/verify",1,ta,digital_arrest,54,synthetic_seed_v1
"Axis सेल लाइव है! अगली खरीद पर 9,999 की छूट। अभी खरीदें https://www.icicibank.com",0,hi_dev,promo,38,synthetic_seed_v1
Axis सुरक्षा: अपना खाता सत्यापित करने के लिए OTP 482913 तुरंत बताएं अन्यथा खाता निष्क्रिय हो जाएगा।,1,hi_dev,otp_scam,9,synthetic_seed_v1
உங்கள் KYC நிலுவையில் இருப்பதால் இன்றிரவு மின் இணைப்பு துண்டிக்கப்படும். இப்போது புதுப்பிக்கவும் அல்லது 9876543210 ஐ அழைக்கவும்: http://icici-netbanking.online/auth,1,ta,utility_kyc,82,synthetic_seed_v1
Congratulations Suresh! You have WON Rs 499 in the SBI lucky draw. Claim now: http://sbi-verify.xyz/login,1,en,lottery,11,synthetic_seed_v1
"Income Tax Department se baat kar rahe hain. Aapke naam par money laundering ka case hai. Aap digital arrest me hain, video call mat kaatiye aur Rs 1,00,000 verification account me bhejiye: http://bit.ly/win-cash",1,hi_rom,digital_arrest,52,synthetic_seed_v1
"To RECEIVE your refund of Rs 999, approve the UPI request and enter your UPI PIN now: http://sbi-verify.xyz/login",1,en,upi_collect_scam,63,synthetic_seed_v1
"ग्राहक, कल सुबह 10 बजे मीटिंग है, समय पर आ जाना।",0,hi_dev,everyday_legit,105,synthetic_seed_v1
482913 आपके PhonePe लॉगिन के लिए OTP है। इसे किसी के साथ साझा न करें। -PhonePe,0,hi_dev,otp_legit,34,synthetic_seed_v1
"आपके Kotak रिवॉर्ड पॉइंट्स जिनकी कीमत रु 1,00,000 है आज समाप्त हो रहे हैं। अभी रिडीम करें: https://hdfc-rewards.click/claim",1,hi_dev,reward_points_expiry,77,synthetic_seed_v1
"Aapka courier customs me ruka hai. 24 ghante me Rs 2,00,000 fees bharein warna wapas chala jayega: https://hdfc-rewards.click/claim",1,hi_rom,delivery_scam,19,synthetic_seed_v1
Congrats! Your loan of Rs 499 is pre-approved with zero documents. Download InstaPaisa and get instant cash: http://paytm-kyc.link/verify,1,en,instant_loan_app,55,synthetic_seed_v1
"प्रिय ग्राहक, आपका Paytm खाता बंद हो जाएगा। तुरंत KYC अपडेट करें वरना खाता ब्लॉक हो जाएगा: http://paytm-kyc.link/verify",1,hi_dev,kyc,4,synthetic_seed_v1
"Aapka courier customs me ruka hai. 24 ghante me Rs 1,250 fees bharein warna wapas chala jayega: http://icici-netbanking.online/auth",1,hi_rom,delivery_scam,19,synthetic_seed_v1
650017 is your OTP for DigiLocker login. Valid for 10 minutes. Do not share it. https://www.icicibank.com,0,en,govt_service_legit,93,synthetic_seed_v1
"Dear Suresh, your A/C XXXXX7766 is credited with Rs 750 on 27JUN. Avl Bal updated. -Paytm",0,en,txn_alert,27,synthetic_seed_v1
Aapka Rs 750 ka refund pending hai. Paane ke liye bank details verify karein: http://paytm-kyc.link/verify,1,hi_rom,refund,16,synthetic_seed_v1
"Aapko customer se UPI ke through Rs 1,250 mile hain. -Yes Bank",0,hi_rom,upi_legit,88,synthetic_seed_v1
Apna Rs 750 refund paane ke liye UPI request approve karein aur UPI PIN daalein: http://paytm-kyc.link/verify,1,hi_rom,upi_collect_scam,64,synthetic_seed_v1
"Hamare VIP group me judein, 200% return paayein! InstaPaisa me Rs 750 jama karein aur 7 din me paisa double: http://paytm-kyc.link/verify",1,hi_rom,investment_crypto,72,synthetic_seed_v1
"यह Narcotics Control Bureau है। आपके खाते पर मनी लॉन्ड्रिंग का मामला दर्ज है। आप डिजिटल अरेस्ट में हैं, वीडियो कॉल न काटें और रु 9,999 वेरिफिकेशन खाते में भेजें: http://icici-netbanking.online/auth",1,hi_dev,digital_arrest,53,synthetic_seed_v1
482913 is your OTP for DigiLocker login. Valid for 10 minutes. Do not share it. https://onlinesbi.sbi,0,en,govt_service_legit,93,synthetic_seed_v1
"Dear Suresh, your A/C XXXXX1042 is credited with Rs 1,250 on 27JUN. Avl Bal updated. -Kotak",0,en,txn_alert,27,synthetic_seed_v1
"SBI Sale is live! Flat 9,999 off on your next purchase. Shop now at https://paytm.com",0,en,promo,36,synthetic_seed_v1
"Hamare VIP group me judein, 200% return paayein! CashBee me Rs 50,000 jama karein aur 7 din me paisa double: https://secure-bank-login.xyz",1,hi_rom,investment_crypto,72,synthetic_seed_v1
"Rs 2,00,000 debited from A/C XXXXX1042 for UPI payment. Not you? Call 08041234567. -Paytm",0,en,txn_alert,28,synthetic_seed_v1
आपका ऑर्डर आज डिलीवर होगा। यहां ट्रैक करें https://www.amazon.in,0,hi_dev,delivery_legit,41,synthetic_seed_v1
ICICI ஆதரவு. உங்கள் பரிவர்த்தனை தோல்வியடைந்தது. மாற்ற OTP 991204 பகிரவும் அல்லது https://rbi-refund.gq/form இல் இருந்து செயலியை நிறுவவும். 18001234 ஐ அழைக்கவும்.,1,ta,fake_customer_care,70,synthetic_seed_v1
"यह Income Tax Department है। आपके खाते पर मनी लॉन्ड्रिंग का मामला दर्ज है। आप डिजिटल अरेस्ट में हैं, वीडियो कॉल न काटें और रु 50,000 वेरिफिकेशन खाते में भेजें: http://icici-netbanking.online/auth",1,hi_dev,digital_arrest,53,synthetic_seed_v1
உங்கள் கணக்கு XXXXX1042 இல் ரூ 750 வரவு வைக்கப்பட்டது. இருப்பு புதுப்பிக்கப்பட்டது. -Yes Bank,0,ta,txn_alert,31,synthetic_seed_v1
"Yes Bank பாதுகாப்பு எச்சரிக்கை: உங்கள் கணக்கை சரிபார்க்க OTP 338190 ஐ பகிரவும், இல்லையெனில் முடக்கப்படும்.",1,ta,otp_scam,10,synthetic_seed_v1
"Apna Rs 1,00,000 refund paane ke liye UPI request approve karein aur UPI PIN daalein: https://secure-bank-login.xyz",1,hi_rom,upi_collect_scam,64,synthetic_seed_v1
"ரூ 9,999 மதிப்புள்ள உங்கள் PhonePe வெகுமதி புள்ளிகள் இன்று காலாவதியாகின்றன. இப்போது மீட்டெடுக்கவும்: http://sbi-verify.xyz/login",1,ta,reward_points_expiry,78,synthetic_seed_v1
Badhai! Aapka Rs 999 ka loan bina document ke approve ho gaya. RupeeFast download karein aur turant paisa payein: https://rbi-refund.gq/form,1,hi_rom,instant_loan_app,56,synthetic_seed_v1
991204 aapka DigiLocker login OTP hai. 10 minute valid. Kisi ko na batayein. https://netbanking.hdfcbank.com,0,hi_rom,govt_service_legit,94,synthetic_seed_v1
आपका पार्सल कस्टम में रुका है। 24 घंटे में रु 499 शुल्क भरें अन्यथा वापस भेज दिया जाएगा: http://sbi-verify.xyz/login,1,hi_dev,delivery_scam,20,synthetic_seed_v1
338190 आपका DigiLocker लॉगिन OTP है। 10 मिनट के लिए वैध। किसी को न बताएं। https://netbanking.hdfcbank.com,0,hi_dev,govt_service_legit,95,synthetic_seed_v1
"आपका रु 9,999 का रिफंड लंबित है। इसे पाने के लिए बैंक विवरण सत्यापित करें: https://secure-bank-login.xyz",1,hi_dev,refund,17,synthetic_seed_v1
PhonePe support se. Aapka transaction fail hua hai. Reverse karne ke liye OTP 650017 batayein ya https://secure-bank-login.xyz se app install karein. Call 9876543210.,1,hi_rom,fake_customer_care,68,synthetic_seed_v1
482913 is your OTP for DigiLocker login. Valid for 10 minutes. Do not share it. https://netbanking.hdfcbank.com,0,en,govt_service_legit,93,synthetic_seed_v1
உங்கள் PhonePe கணக்கு முடக்கப்படும்! உடனடியாக KYC புதுப்பிக்கவும் இல்லையெனில் கணக்கு நிரந்தரமாக மூடப்படும்: https://secure-bank-login.xyz,1,ta,kyc,6,synthetic_seed_v1
Aapka order delivery ke liye nikal gaya hai. Delivery agent ko OTP 482913 dein. Track: https://onlinesbi.sbi,0,hi_rom,ecommerce_legit,91,synthetic_seed_v1
"Ghar baithe Rs 1,00,000 roz kamayein! Seats limited hain. Choti si fees ke saath register karein: https://hdfc-rewards.click/claim",1,hi_rom,job_scam,25,synthetic_seed_v1
Paytm सपोर्ट से। आपका लेनदेन विफल हुआ है। इसे वापस करने के लिए OTP 705621 बताएं या http://sbi-verify.xyz/login से ऐप इंस्टॉल करें। कॉल 18001234।,1,hi_dev,fake_customer_care,69,synthetic_seed_v1
"आपके ICICI रिवॉर्ड पॉइंट्स जिनकी कीमत रु 1,00,000 है आज समाप्त हो रहे हैं। अभी रिडीम करें: http://icici-netbanking.online/auth",1,hi_dev,reward_points_expiry,77,synthetic_seed_v1
"PhonePe sale shuru! Agli kharidari par 2,00,000 ki chhoot. Abhi kharidein https://netbanking.hdfcbank.com",0,hi_rom,promo,37,synthetic_seed_v1
"உங்கள் ரூ 1,250 திரும்பப் பெற UPI கோரிக்கையை அங்கீகரித்து UPI பின்னை உள்ளிடவும்: https://kyc-update.top/now",1,ta,upi_collect_scam,66,synthetic_seed_v1
Your electricity connection will be disconnected tonight as your KYC is pending. Update now or call 18001234: https://secure-bank-login.xyz,1,en,utility_kyc,79,synthetic_seed_v1
"हमारे VIP ग्रुप में जुड़ें, 200% रिटर्न पाएं! LoanKamao में रु 999 जमा करें और 7 दिन में पैसा डबल: https://hdfc-rewards.click/claim",1,hi_dev,investment_crypto,73,synthetic_seed_v1
Ghar baithe Rs 499 roz kamayein! Seats limited hain. Choti si fees ke saath register karein: https://secure-bank-login.xyz,1,hi_rom,job_scam,25,synthetic_seed_v1
आपके HDFC रिवॉर्ड पॉइंट्स जिनकी कीमत रु 750 है आज समाप्त हो रहे हैं। अभी रिडीम करें: https://kyc-update.top/now,1,hi_dev,reward_points_expiry,77,synthetic_seed_v1
"எங்கள் VIP குழுவில் சேருங்கள், 200% லாபம்! CashBee இல் ரூ 499 டெபாசிட் செய்து 7 நாட்களில் பணத்தை இரட்டிப்பாக்குங்கள்: http://bit.ly/win-cash",1,ta,investment_crypto,74,synthetic_seed_v1
Congrats! Your loan of Rs 750 is pre-approved with zero documents. Download RupeeFast and get instant cash: https://kyc-update.top/now,1,en,instant_loan_app,55,synthetic_seed_v1
"Dear customer, your A/C XXXXX0571 is credited with Rs 499 on 27JUN. Avl Bal updated. -Axis",0,en,txn_alert,27,synthetic_seed_v1
आपका बिजली कनेक्शन आज रात कट जाएगा क्योंकि KYC लंबित है। अभी अपडेट करें या 18001234 पर कॉल करें: http://paytm-kyc.link/verify,1,hi_dev,utility_kyc,81,synthetic_seed_v1
"To RECEIVE your refund of Rs 9,999, approve the UPI request and enter your UPI PIN now: http://paytm-kyc.link/verify",1,en,upi_collect_scam,63,synthetic_seed_v1
"अपना रु 9,999 रिफंड पाने के लिए UPI रिक्वेस्ट अप्रूव करें और UPI पिन डालें: http://icici-netbanking.online/auth",1,hi_dev,upi_collect_scam,65,synthetic_seed_v1
Aapka courier customs me ruka hai. 24 ghante me Rs 499 fees bharein warna wapas chala jayega: https://kyc-update.top/now,1,hi_rom,delivery_scam,19,synthetic_seed_v1
"Paytm se: account verify karne ke liye OTP 482913 abhi share karein, nahi to account band ho jayega.",1,hi_rom,otp_scam,8,synthetic_seed_v1
"உங்கள் ரூ 9,999 திரும்பப் பெற UPI கோரிக்கையை அங்கீகரித்து UPI பின்னை உள்ளிடவும்: https://secure-bank-login.xyz",1,ta,upi_collect_scam,66,synthetic_seed_v1
"Aapka courier customs me ruka hai, isme banned saman hai. 24 ghante me Rs 50,000 clearance bhare warna legal action hoga: https://hdfc-rewards.click/claim",1,hi_rom,courier_parcel_scam,60,synthetic_seed_v1
"Customs Department se baat kar rahe hain. Aapke naam par money laundering ka case hai. Aap digital arrest me hain, video call mat kaatiye aur Rs 9,999 verification account me bhejiye: http://paytm-kyc.link/verify",1,hi_rom,digital_arrest,52,synthetic_seed_v1
482913 உங்கள் ICICI உள்நுழைவுக்கான OTP. யாருடனும் பகிர வேண்டாம். -ICICI,0,ta,otp_legit,117,synthetic_seed_v1
"Hamare VIP group me judein, 200% return paayein! LoanKamao me Rs 499 jama karein aur 7 din me paisa double: https://secure-bank-login.xyz",1,hi_rom,investment_crypto,72,synthetic_seed_v1
"Rs 1,250 debited from A/C XXXXX8830 for UPI payment. Not you? Call 9876543210. -Yes Bank",0,en,txn_alert,28,synthetic_seed_v1
Aapka Axis khata XXXXX8830 suspend kar diya gaya hai. Abhi KYC complete karein: https://hdfc-rewards.click/claim,1,hi_rom,kyc,3,synthetic_seed_v1
"Main Army officer hoon, aapka OLX saman chahiye. Rs 750 QR se bhej raha hoon, receive karne ke liye scan karke approve karein: http://icici-netbanking.online/auth",1,hi_rom,marketplace_qr_scam,84,synthetic_seed_v1
Kotak सेल लाइव है! अगली खरीद पर 999 की छूट। अभी खरीदें https://www.amazon.in,0,hi_dev,promo,38,synthetic_seed_v1
"Dear ग्राहक, your ICICI account is suspended. Complete KYC immediately or your account will be blocked: https://secure-bank-login.xyz",1,en,kyc,0,synthetic_seed_v1
"Paytm se: account verify karne ke liye OTP 705621 abhi share karein, nahi to account band ho jayega.",1,hi_rom,otp_scam,8,synthetic_seed_v1
"To RECEIVE your refund of Rs 2,00,000, approve the UPI request and enter your UPI PIN now: https://hdfc-rewards.click/claim",1,en,upi_collect_scam,63,synthetic_seed_v1
"अपना रु 9,999 रिफंड पाने के लिए UPI रिक्वेस्ट अप्रूव करें और UPI पिन डालें: https://kyc-update.top/now",1,hi_dev,upi_collect_scam,65,synthetic_seed_v1
"Rs 9,999 debited from A/C XXXXX0571 for UPI payment. Not you? Call 9876543210. -PhonePe",0,en,txn_alert,28,synthetic_seed_v1
"I am an Army officer interested in your OLX item. I will send Rs 1,00,000 via this QR — just scan and approve to receive the money: http://paytm-kyc.link/verify",1,en,marketplace_qr_scam,83,synthetic_seed_v1
I am an Army officer interested in your OLX item. I will send Rs 999 via this QR — just scan and approve to receive the money: https://kyc-update.top/now,1,en,marketplace_qr_scam,83,synthetic_seed_v1
"Mumbai Police se baat kar rahe hain. Aapke naam par money laundering ka case hai. Aap digital arrest me hain, video call mat kaatiye aur Rs 9,999 verification account me bhejiye: https://hdfc-rewards.click/claim",1,hi_rom,digital_arrest,52,synthetic_seed_v1
"Your parcel is held at customs. Pay Rs 50,000 clearance fee within 24 hours or it will be returned: http://paytm-kyc.link/verify",1,en,delivery_scam,18,synthetic_seed_v1
"Your FedEx parcel is held at customs and contains banned items. Pay Rs 50,000 clearance within 24 hours or face legal action: https://kyc-update.top/now",1,en,courier_parcel_scam,59,synthetic_seed_v1
URGENT: Paytm A/C XXXXX8830 blocked due to incomplete KYC. Update now to avoid permanent closure https://rbi-refund.gq/form,1,en,kyc,1,synthetic_seed_v1
"हमारे VIP ग्रुप में जुड़ें, 200% रिटर्न पाएं! TradeMax में रु 1,250 जमा करें और 7 दिन में पैसा डबल: http://icici-netbanking.online/auth",1,hi_dev,investment_crypto,73,synthetic_seed_v1
705621 உங்கள் HDFC உள்நுழைவுக்கான OTP. யாருடனும் பகிர வேண்டாம். -HDFC,0,ta,otp_legit,35,synthetic_seed_v1
"आपका कूरियर कस्टम में रुका है और इसमें प्रतिबंधित सामान है। 24 घंटे में रु 2,00,000 क्लीयरेंस भरें वरना कानूनी कार्रवाई होगी: http://icici-netbanking.online/auth",1,hi_dev,courier_parcel_scam,61,synthetic_seed_v1
"To RECEIVE your refund of Rs 499, approve the UPI request and enter your UPI PIN now: https://rbi-refund.gq/form",1,en,upi_collect_scam,63,synthetic_seed_v1
"आपका रु 50,000 का रिफंड लंबित है। इसे पाने के लिए बैंक विवरण सत्यापित करें: https://secure-bank-login.xyz",1,hi_dev,refund,17,synthetic_seed_v1
URGENT: Yes Bank A/C XXXXX3917 blocked due to incomplete KYC. Update now to avoid permanent closure https://kyc-update.top/now,1,en,kyc,1,synthetic_seed_v1
"Mumbai Police notice: a parcel with illegal items was seized in your name. Call 08041234567 immediately and do NOT disconnect. Pay Rs 1,00,000 for case clearance: https://rbi-refund.gq/form",1,en,digital_arrest,51,synthetic_seed_v1
"बधाई! आपका रु 2,00,000 का लोन बिना दस्तावेज़ के मंज़ूर हो गया। RupeeFast डाउनलोड करें और तुरंत पैसे पाएं: https://kyc-update.top/now",1,hi_dev,instant_loan_app,57,synthetic_seed_v1
Apna Rs 750 refund paane ke liye UPI request approve karein aur UPI PIN daalein: https://secure-bank-login.xyz,1,hi_rom,upi_collect_scam,64,synthetic_seed_v1
Aapka order delivery ke liye nikal gaya hai. Delivery agent ko OTP 482913 dein. Track: https://www.amazon.in,0,hi_rom,ecommerce_legit,91,synthetic_seed_v1
"Your FedEx parcel is held at customs and contains banned items. Pay Rs 1,250 clearance within 24 hours or face legal action: http://sbi-verify.xyz/login",1,en,courier_parcel_scam,59,synthetic_seed_v1
"You have received Rs 9,999 from Suresh via UPI. -Kotak",0,en,upi_legit,87,synthetic_seed_v1
"Axis se: account verify karne ke liye OTP 338190 abhi share karein, nahi to account band ho jayega.",1,hi_rom,otp_scam,8,synthetic_seed_v1
991204 உங்கள் HDFC உள்நுழைவுக்கான OTP. யாருடனும் பகிர வேண்டாம். -HDFC,0,ta,otp_legit,35,synthetic_seed_v1
338190 உங்கள் SBI உள்நுழைவுக்கான OTP. யாருடனும் பகிர வேண்டாம். -SBI,0,ta,otp_legit,117,synthetic_seed_v1
"Dear Kavya, your A/C XXXXX1042 is credited with Rs 9,999 on 27JUN. Avl Bal updated. -Axis",0,en,txn_alert,27,synthetic_seed_v1
"Dear Meena, your A/C XXXXX3917 is credited with Rs 1,00,000 on 27JUN. Avl Bal updated. -PhonePe",0,en,txn_alert,27,synthetic_seed_v1
Your electricity connection will be disconnected tonight as your KYC is pending. Update now or call 9876543210: http://bit.ly/win-cash,1,en,utility_kyc,79,synthetic_seed_v1
जरूरी सूचना: आपका Paytm खाता XXXXX3917 केवाईसी अधूरी होने के कारण बंद किया जा रहा है। अभी सत्यापित करें https://kyc-update.top/now,1,hi_dev,kyc,5,synthetic_seed_v1
"Mumbai Police notice: a parcel with illegal items was seized in your name. Call 1800111 immediately and do NOT disconnect. Pay Rs 50,000 for case clearance: http://sbi-verify.xyz/login",1,en,digital_arrest,51,synthetic_seed_v1
"HDFC security alert: share the OTP 705621 sent to your phone to verify your account, else it will be deactivated.",1,en,otp_scam,7,synthetic_seed_v1
"Aapka courier customs me ruka hai, isme banned saman hai. 24 ghante me Rs 1,250 clearance bhare warna legal action hoga: https://kyc-update.top/now",1,hi_rom,courier_parcel_scam,60,synthetic_seed_v1
This is Income Tax Department. Your bank account is linked to a money-laundering case. You are under digital arrest. Stay on this video call and transfer Rs 999 to the verification account or be arrested: https://rbi-refund.gq/form,1,en,digital_arrest,50,synthetic_seed_v1
Aaj raat aapki bijli kaat di jayegi kyunki bill update nahi hua. Turant 1800111 par call karein https://rbi-refund.gq/form,1,hi_rom,electricity,22,synthetic_seed_v1
"PhonePe பாதுகாப்பு எச்சரிக்கை: உங்கள் கணக்கை சரிபார்க்க OTP 482913 ஐ பகிரவும், இல்லையெனில் முடக்கப்படும்.",1,ta,otp_scam,10,synthetic_seed_v1
"Aapka courier customs me ruka hai. 24 ghante me Rs 9,999 fees bharein warna wapas chala jayega: http://bit.ly/win-cash",1,hi_rom,delivery_scam,19,synthetic_seed_v1
Aapka Axis khata XXXXX1042 suspend kar diya gaya hai. Abhi KYC complete karein: https://rbi-refund.gq/form,1,hi_rom,kyc,3,synthetic_seed_v1
"Rs 1,250 debited from A/C XXXXX0571 for UPI payment. Not you? Call 1800111. -Axis",0,en,txn_alert,28,synthetic_seed_v1
"உங்கள் ரூ 50,000 திரும்பப் பெற UPI கோரிக்கையை அங்கீகரித்து UPI பின்னை உள்ளிடவும்: http://bit.ly/win-cash",1,ta,upi_collect_scam,66,synthetic_seed_v1
"உங்கள் பார்சல் சுங்கத்தில் தடைசெய்யப்பட்ட பொருட்களுடன் நிறுத்தப்பட்டுள்ளது. 24 மணி நேரத்தில் ரூ 1,250 செலுத்தவும் இல்லையெனில் சட்ட நடவடிக்கை: http://paytm-kyc.link/verify",1,ta,courier_parcel_scam,62,synthetic_seed_v1
"I am an Army officer interested in your OLX item. I will send Rs 1,00,000 via this QR — just scan and approve to receive the money: https://rbi-refund.gq/form",1,en,marketplace_qr_scam,83,synthetic_seed_v1
"Yaad dilaye: aapka Rs 1,250 ka bijli bill 5 tarikh ko due hai. Official app se bharein https://onlinesbi.sbi",0,hi_rom,bill_legit,43,synthetic_seed_v1
"Dear consumer, your electricity will be disconnected tonight as your bill is not updated. Call 08041234567 immediately https://hdfc-rewards.click/claim",1,en,electricity,21,synthetic_seed_v1
Join our VIP group and earn 200% returns! Deposit Rs 750 in InstaPaisa and double your money in 7 days: http://sbi-verify.xyz/login,1,en,investment_crypto,71,synthetic_seed_v1
Aapka bijli connection aaj raat kat jayega kyunki KYC pending hai. Abhi update karein ya 1800111 par call karein: https://kyc-update.top/now,1,hi_rom,utility_kyc,80,synthetic_seed_v1
"प्रिय उपभोक्ता, बिल अपडेट न होने के कारण आज रात आपकी बिजली काट दी जाएगी। तुरंत 08041234567 पर संपर्क करें http://icici-netbanking.online/auth",1,hi_dev,electricity,23,synthetic_seed_v1
Aapka order aaj deliver hoga. Yaha track karein https://www.icicibank.com,0,hi_rom,delivery_legit,40,synthetic_seed_v1
"Yaad dilaye: aapka Rs 50,000 ka bijli bill 5 tarikh ko due hai. Official app se bharein https://paytm.com",0,hi_rom,bill_legit,43,synthetic_seed_v1
"ICICI se: account verify karne ke liye OTP 482913 abhi share karein, nahi to account band ho jayega.",1,hi_rom,otp_scam,8,synthetic_seed_v1
HDFC சலுகை! இன்று எலெக்ட்ரானிக்ஸ் பொருட்களில் தள்ளுபடி. இப்போது வாங்குங்கள்: https://www.icicibank.com,0,ta,promo,118,synthetic_seed_v1
Congratulations Kavya! You have WON Rs 999 in the SBI lucky draw. Claim now: http://icici-netbanking.online/auth,1,en,lottery,11,synthetic_seed_v1
Axis support se. Aapka transaction fail hua hai. Reverse karne ke liye OTP 991204 batayein ya http://bit.ly/win-cash se app install karein. Call 9876543210.,1,hi_rom,fake_customer_care,68,synthetic_seed_v1
650017 aapka DigiLocker login OTP hai. 10 minute valid. Kisi ko na batayein. https://onlinesbi.sbi,0,hi_rom,govt_service_legit,94,synthetic_seed_v1
"Main Army officer hoon, aapka OLX saman chahiye. Rs 50,000 QR se bhej raha hoon, receive karne ke liye scan karke approve karein: https://rbi-refund.gq/form",1,hi_rom,marketplace_qr_scam,84,synthetic_seed_v1
Kotak சலுகை! இன்று எலெக்ட்ரானிக்ஸ் பொருட்களில் தள்ளுபடி. இப்போது வாங்குங்கள்: https://onlinesbi.sbi,0,ta,promo,118,synthetic_seed_v1
"Aapka courier customs me ruka hai, isme banned saman hai. 24 ghante me Rs 9,999 clearance bhare warna legal action hoga: http://bit.ly/win-cash",1,hi_rom,courier_parcel_scam,60,synthetic_seed_v1
"आपके SBI रिवॉर्ड पॉइंट्स जिनकी कीमत रु 1,00,000 है आज समाप्त हो रहे हैं। अभी रिडीम करें: http://bit.ly/win-cash",1,hi_dev,reward_points_expiry,77,synthetic_seed_v1
"Your parcel is held at customs. Pay Rs 50,000 clearance fee within 24 hours or it will be returned: https://secure-bank-login.xyz",1,en,delivery_scam,18,synthetic_seed_v1
"Main Army officer hoon, aapka OLX saman chahiye. Rs 750 QR se bhej raha hoon, receive karne ke liye scan karke approve karein: https://hdfc-rewards.click/claim",1,hi_rom,marketplace_qr_scam,84,synthetic_seed_v1
"வாழ்த்துக்கள்! நீங்கள் ICICI லக்கி டிராவில் ரூ 9,999 வென்றுள்ளீர்கள். இப்போது claim செய்யவும்: https://secure-bank-login.xyz",1,ta,lottery,14,synthetic_seed_v1
Your electricity connection will be disconnected tonight as your KYC is pending. Update now or call 18001234: https://kyc-update.top/now,1,en,utility_kyc,79,synthetic_seed_v1
Your FedEx parcel is held at customs and contains banned items. Pay Rs 999 clearance within 24 hours or face legal action: https://kyc-update.top/now,1,en,courier_parcel_scam,59,synthetic_seed_v1
"Aapko ग्राहक se UPI ke through Rs 1,00,000 mile hain. -Paytm",0,hi_rom,upi_legit,88,synthetic_seed_v1
"घर बैठे रोज रु 1,00,000 कमाएं! सीटें सीमित हैं। छोटी सी फीस देकर अभी रजिस्टर करें: https://hdfc-rewards.click/claim",1,hi_dev,job_scam,26,synthetic_seed_v1
PhonePe சலுகை! இன்று எலெக்ட்ரானிக்ஸ் பொருட்களில் தள்ளுபடி. இப்போது வாங்குங்கள்: https://paytm.com,0,ta,promo,118,synthetic_seed_v1
"प्रिय उपभोक्ता, बिल अपडेट न होने के कारण आज रात आपकी बिजली काट दी जाएगी। तुरंत 9876543210 पर संपर्क करें http://bit.ly/win-cash",1,hi_dev,electricity,23,synthetic_seed_v1
"Paytm பாதுகாப்பு எச்சரிக்கை: உங்கள் கணக்கை சரிபார்க்க OTP 650017 ஐ பகிரவும், இல்லையெனில் முடக்கப்படும்.",1,ta,otp_scam,10,synthetic_seed_v1
"Kavya, kal subah 10 baje meeting hai, time par aa jana.",0,hi_rom,everyday_legit,101,synthetic_seed_v1
HDFC support se. Aapka transaction fail hua hai. Reverse karne ke liye OTP 705621 batayein ya https://rbi-refund.gq/form se app install karein. Call 9876543210.,1,hi_rom,fake_customer_care,68,synthetic_seed_v1
"TRAI notice: a parcel with illegal items was seized in your name. Call 08041234567 immediately and do NOT disconnect. Pay Rs 1,00,000 for case clearance: https://kyc-update.top/now",1,en,digital_arrest,51,synthetic_seed_v1
"I am an Army officer interested in your OLX item. I will send Rs 50,000 via this QR — just scan and approve to receive the money: http://sbi-verify.xyz/login",1,en,marketplace_qr_scam,83,synthetic_seed_v1
Kotak सपोर्ट से। आपका लेनदेन विफल हुआ है। इसे वापस करने के लिए OTP 991204 बताएं या https://hdfc-rewards.click/claim से ऐप इंस्टॉल करें। कॉल 18001234।,1,hi_dev,fake_customer_care,69,synthetic_seed_v1
Aaj raat aapki bijli kaat di jayegi kyunki bill update nahi hua. Turant 08041234567 par call karein https://secure-bank-login.xyz,1,hi_rom,electricity,22,synthetic_seed_v1
Your FedEx parcel is held at customs and contains banned items. Pay Rs 999 clearance within 24 hours or face legal action: http://icici-netbanking.online/auth,1,en,courier_parcel_scam,59,synthetic_seed_v1
"You have received Rs 1,00,000 from Arjun via UPI. -Kotak",0,en,upi_legit,87,synthetic_seed_v1
"Dear consumer, your electricity will be disconnected tonight as your bill is not updated. Call 18001234 immediately https://rbi-refund.gq/form",1,en,electricity,21,synthetic_seed_v1
"Join our VIP group and earn 200% returns! Deposit Rs 1,00,000 in QuickRupee and double your money in 7 days: http://bit.ly/win-cash",1,en,investment_crypto,71,synthetic_seed_v1
